2013,Accidents Except Drug Posioning,F,Asian and Pacific Islander,35
2009,Accidents Except Drug Posioning,F,Asian and Pacific Islander,37
2010,Accidents Except Drug Posioning,F,Not Stated/Unknown,
2012,Accidents Except Drug Posioning,M,Not Stated/Unknown,11
2013,Accidents Except Drug Posioning,F,Hispanic,60
2011,Accidents Except Drug Posioning,F,Other Race/ Ethnicity,
2010,Accidents Except Drug Posioning,F,Hispanic,58
2013,Accidents Except Drug Posioning,M,Asian and Pacific Islander,63
2010,Accidents Except Drug Posioning,M,White Non-Hispanic,271
2010,Accidents Except Drug Posioning,M,Other Race/ Ethnicity,5
2014,Accidents Except Drug Posioning,M,White Non-Hispanic,258
2010,Accidents Except Drug Posioning,M,Asian and Pacific Islander,54
2014,Accidents Except Drug Posioning,M,Other Race/ Ethnicity,12
2011,Accidents Except Drug Posioning,M,Asian and Pacific Islander,61
2008,Accidents Except Drug Posioning,F,White Non-Hispanic,193
2011,Accidents Except Drug Posioning,M,Not Stated/Unknown,
2014,Accidents Except Drug Posioning,F,Not Stated/Unknown,
2007,Accidents Except Drug Posioning,F,Asian and Pacific Islander,32
2008,Accidents Except Drug Posioning,F,Hispanic,68
2014,Accidents Except Drug Posioning,F,Other Race/ Ethnicity,6
2008,Accidents Except Drug Posioning,F,Other Race/ Ethnicity,
2007,Accidents Except Drug Posioning,M,Black Non-Hispanic,158
2009,Accidents Except Drug Posioning,F,Hispanic,56
2007,Accidents Except Drug Posioning,M,Asian and Pacific Islander,53
2009,Accidents Except Drug Posioning,M,Hispanic,170
2009,Accidents Except Drug Posioning,F,White Non-Hispanic,178
2011,Accidents Except Drug Posioning,F,Asian and Pacific Islander,43
2012,Accidents Except Drug Posioning,M,Hispanic,191
2010,Accidents Except Drug Posioning,M,Hispanic,132
2008,Accidents Except Drug Posioning,F,Black Non-Hispanic,70
2008,Accidents Except Drug Posioning,M,Not Stated/Unknown,13
2008,Accidents Except Drug Posioning,M,Other Race/ Ethnicity,
2009,Accidents Except Drug Posioning,M,White Non-Hispanic,279
2008,Accidents Except Drug Posioning,M,Hispanic,186
2012,Accidents Except Drug Posioning,M,Black Non-Hispanic,152
2013,Accidents Except Drug Posioning,M,White Non-Hispanic,271
2012,Accidents Except Drug Posioning,M,Other Race/ Ethnicity,5
2007,Accidents Except Drug Posioning,M,White Non-Hispanic,297
2014,Accidents Except Drug Posioning,M,Hispanic,176
2011,Accidents Except Drug Posioning,M,White Non-Hispanic,272
2008,Accidents Except Drug Posioning,F,Asian and Pacific Islander,36
2009,Accidents Except Drug Posioning,M,Asian and Pacific Islander,55
2013,Accidents Except Drug Posioning,F,White Non-Hispanic,166
2007,Accidents Except Drug Posioning,M,Not Stated/Unknown,8
2013,Accidents Except Drug Posioning,M,Other Race/ Ethnicity,5
2014,Accidents Except Drug Posioning,M,Black Non-Hispanic,148
2008,Accidents Except Drug Posioning,M,Black Non-Hispanic,146
2012,Accidents Except Drug Posioning,F,Hispanic,60
2011,Accidents Except Drug Posioning,M,Other Race/ Ethnicity,10
2014,Accidents Except Drug Posioning,F,Asian and Pacific Islander,42
2009,Accidents Except Drug Posioning,M,Other Race/ Ethnicity,
2007,Accidents Except Drug Posioning,M,Hispanic,154
2010,Accidents Except Drug Posioning,F,Other Race/ Ethnicity,
2012,Accidents Except Drug Posioning,F,White Non-Hispanic,177
2012,Accidents Except Drug Posioning,M,Asian and Pacific Islander,56
2011,Accidents Except Drug Posioning,M,Hispanic,180
2010,Accidents Except Drug Posioning,M,Not Stated/Unknown,10
2007,Accidents Except Drug Posioning,F,Black Non-Hispanic,87
2010,Accidents Except Drug Posioning,F,White Non-Hispanic,163
2008,Accidents Except Drug Posioning,M,Asian and Pacific Islander,53
2013,Accidents Except Drug Posioning,M,Hispanic,189
2007,Accidents Except Drug Posioning,F,Other Race/ Ethnicity,
2014,Accidents Except Drug Posioning,F,Hispanic,64
2007,Accidents Except Drug Posioning,F,Not Stated/Unknown,
2013,Accidents Except Drug Posioning,F,Other Race/ Ethnicity,
2007,Accidents Except Drug Posioning,F,Hispanic,71
2012,Accidents Except Drug Posioning,F,Asian and Pacific Islander,34
2014,Accidents Except Drug Posioning,F,White Non-Hispanic,169
2012,Accidents Except Drug Posioning,M,White Non-Hispanic,286
2007,Accidents Except Drug Posioning,F,White Non-Hispanic,162
2009,Accidents Except Drug Posioning,M,Not Stated/Unknown,16
2009,Accidents Except Drug Posioning,M,Black Non-Hispanic,134
2012,Accidents Except Drug Posioning,F,Not Stated/Unknown,
2008,Accidents Except Drug Posioning,M,White Non-Hispanic,272
2007,Accidents Except Drug Posioning,M,Other Race/ Ethnicity,5
2013,Accidents Except Drug Posioning,M,Black Non-Hispanic,159
2011,Accidents Except Drug Posioning,F,White Non-Hispanic,184
2014,Accidents Except Drug Posioning,M,Asian and Pacific Islander,68
2010,Accidents Except Drug Posioning,M,Black Non-Hispanic,147
2010,Accidents Except Drug Posioning,F,Asian and Pacific Islander,25
2012,All Other Causes,F,Not Stated/Unknown,53
2010,All Other Causes,M,White Non-Hispanic,2034
2014,All Other Causes,M,Black Non-Hispanic,1375
2010,All Other Causes,M,Hispanic,1167
2007,All Other Causes,M,White Non-Hispanic,1749
2010,All Other Causes,F,Hispanic,1007
2010,All Other Causes,M,Asian and Pacific Islander,308
2012,All Other Causes,M,Black Non-Hispanic,1320
2008,All Other Causes,M,Black Non-Hispanic,1216
2013,All Other Causes,F,Not Stated/Unknown,79
2009,All Other Causes,M,White Non-Hispanic,1818
2013,All Other Causes,F,Hispanic,1082
2014,All Other Causes,F,White Non-Hispanic,2578
2007,All Other Causes,F,Hispanic,820
2012,All Other Causes,F,Asian and Pacific Islander,327
2014,All Other Causes,M,Other Race/ Ethnicity,74
2012,All Other Causes,M,Hispanic,1199
2007,All Other Causes,M,Hispanic,988
2008,All Other Causes,F,Asian and Pacific Islander,214
2007,All Other Causes,M,Asian and Pacific Islander,221
2009,All Other Causes,M,Hispanic,1067
2009,All Other Causes,F,Hispanic,775
2007,All Other Causes,F,Black Non-Hispanic,1230
2013,All Other Causes,M,Asian and Pacific Islander,395
2011,All Other Causes,F,Asian and Pacific Islander,278
2012,All Other Causes,F,Other Race/ Ethnicity,22
2014,All Other Causes,F,Other Race/ Ethnicity,59
2008,All Other Causes,M,Other Race/ Ethnicity,8
2011,All Other Causes,M,Asian and Pacific Islander,340
2010,All Other Causes,F,Black Non-Hispanic,1326
2012,All Other Causes,F,Hispanic,1109
2007,All Other Causes,F,White Non-Hispanic,1680
2011,All Other Causes,M,Hispanic,1207
2008,All Other Causes,M,Asian and Pacific Islander,238
2014,All Other Causes,M,Not Stated/Unknown,96
2014,All Other Causes,M,White Non-Hispanic,2275
2011,All Other Causes,M,Not Stated/Unknown,38
2013,All Other Causes,M,Other Race/ Ethnicity,42
2009,All Other Causes,M,Asian and Pacific Islander,220
2008,All Other Causes,F,Black Non-Hispanic,1268
2007,All Other Causes,M,Other Race/ Ethnicity,24
2009,All Other Causes,F,Not Stated/Unknown,26
2009,All Other Causes,M,Other Race/ Ethnicity,18
2013,All Other Causes,F,White Non-Hispanic,2595
2008,All Other Causes,F,White Non-Hispanic,1706
2009,All Other Causes,M,Not Stated/Unknown,55
2008,All Other Causes,F,Hispanic,885
2007,All Other Causes,M,Black Non-Hispanic,1163
2013,All Other Causes,F,Black Non-Hispanic,1557
2007,All Other Causes,F,Asian and Pacific Islander,182
2010,All Other Causes,F,Not Stated/Unknown,18
2014,All Other Causes,F,Black Non-Hispanic,1536
2008,All Other Causes,F,Other Race/ Ethnicity,19
2007,All Other Causes,F,Not Stated/Unknown,27
2010,All Other Causes,F,Other Race/ Ethnicity,27
2012,All Other Causes,M,Asian and Pacific Islander,333
2012,All Other Causes,M,Not Stated/Unknown,78
2010,All Other Causes,F,Asian and Pacific Islander,238
2013,All Other Causes,F,Other Race/ Ethnicity,39
2011,All Other Causes,F,White Non-Hispanic,2445
2011,All Other Causes,F,Hispanic,1025
2011,All Other Causes,M,White Non-Hispanic,2165
2014,All Other Causes,M,Hispanic,1195
2013,All Other Causes,M,Black Non-Hispanic,1341
2008,All Other Causes,F,Not Stated/Unknown,42
2010,All Other Causes,F,White Non-Hispanic,2140
2007,All Other Causes,M,Not Stated/Unknown,43
2012,All Other Causes,M,White Non-Hispanic,2316
2009,All Other Causes,M,Black Non-Hispanic,1246
2009,All Other Causes,F,White Non-Hispanic,1684
2009,All Other Causes,F,Other Race/ Ethnicity,11
2011,All Other Causes,F,Black Non-Hispanic,1473
2011,All Other Causes,M,Black Non-Hispanic,1337
2013,All Other Causes,F,Asian and Pacific Islander,320
2010,All Other Causes,M,Black Non-Hispanic,1230
2012,All Other Causes,F,White Non-Hispanic,2444
2007,All Other Causes,F,Other Race/ Ethnicity,15
2014,All Other Causes,M,Asian and Pacific Islander,424
2010,All Other Causes,M,Other Race/ Ethnicity,25
2009,All Other Causes,F,Black Non-Hispanic,1305
2008,All Other Causes,M,Not Stated/Unknown,67
2012,All Other Causes,M,Other Race/ Ethnicity,24
2011,All Other Causes,M,Other Race/ Ethnicity,27
2008,All Other Causes,M,Hispanic,1069
2011,All Other Causes,F,Other Race/ Ethnicity,38
2010,All Other Causes,M,Not Stated/Unknown,32
2012,All Other Causes,F,Black Non-Hispanic,1483
2014,All Other Causes,F,Hispanic,1135
2014,All Other Causes,F,Not Stated/Unknown,48
2013,All Other Causes,M,Hispanic,1193
2013,All Other Causes,M,Not Stated/Unknown,139
2011,All Other Causes,F,Not Stated/Unknown,14
2009,All Other Causes,F,Asian and Pacific Islander,220
2014,All Other Causes,F,Asian and Pacific Islander,339
2008,All Other Causes,M,White Non-Hispanic,1824
2013,All Other Causes,M,White Non-Hispanic,2293
2011,Alzheimer's Disease,F,White Non-Hispanic,231
2012,Alzheimer's Disease,F,Other Race/ Ethnicity,
2013,Alzheimer's Disease,M,Other Race/ Ethnicity,
2007,Alzheimer's Disease,F,White Non-Hispanic,107
2011,Alzheimer's Disease,F,Other Race/ Ethnicity,
2012,Alzheimer's Disease,F,Black Non-Hispanic,115
2009,Alzheimer's Disease,F,Asian and Pacific Islander,14
2014,Alzheimer's Disease,F,Asian and Pacific Islander,26
2011,Alzheimer's Disease,F,Not Stated/Unknown,
2010,Alzheimer's Disease,F,Hispanic,71
2013,Alzheimer's Disease,F,Not Stated/Unknown,8
2011,Alzheimer's Disease,F,Hispanic,90
2013,Alzheimer's Disease,F,White Non-Hispanic,263
2014,Alzheimer's Disease,F,Hispanic,142
2014,Alzheimer's Disease,F,Not Stated/Unknown,
2012,Alzheimer's Disease,F,White Non-Hispanic,222
2014,Alzheimer's Disease,F,Black Non-Hispanic,123
2011,Alzheimer's Disease,F,Black Non-Hispanic,90
2011,Alzheimer's Disease,F,Asian and Pacific Islander,24
2009,Alzheimer's Disease,F,Black Non-Hispanic,79
2009,Alzheimer's Disease,F,Not Stated/Unknown,
2008,Alzheimer's Disease,F,White Non-Hispanic,151
2009,Alzheimer's Disease,F,Hispanic,56
2013,Alzheimer's Disease,F,Black Non-Hispanic,106
2013,Alzheimer's Disease,F,Hispanic,120
2010,Alzheimer's Disease,F,White Non-Hispanic,247
2014,Alzheimer's Disease,F,White Non-Hispanic,276
2009,Alzheimer's Disease,F,White Non-Hispanic,205
2009,Alzheimer's Disease,F,Other Race/ Ethnicity,
2012,Alzheimer's Disease,F,Hispanic,126
2007,Alzheimer's Disease,F,Not Stated/Unknown,
2010,Alzheimer's Disease,F,Black Non-Hispanic,88
2012,Aortic Aneurysm and Dissection,F,Other Race/ Ethnicity,
2008,Aortic Aneurysm and Dissection,M,Other Race/ Ethnicity,
2007,Aortic Aneurysm and Dissection,F,Not Stated/Unknown,
2007,Assault (Homicide),M,Hispanic,114
2008,Assault (Homicide),M,Other Race/ Ethnicity,5
2012,Assault (Homicide),F,Other Race/ Ethnicity,
2009,Assault (Homicide),M,Black Non-Hispanic,255
2010,Assault (Homicide),M,Black Non-Hispanic,299
2007,Assault (Homicide),F,Other Race/ Ethnicity,
2011,Assault (Homicide),F,Not Stated/Unknown,
2009,Assault (Homicide),M,Not Stated/Unknown,7
2012,Assault (Homicide),M,Other Race/ Ethnicity,
2008,Assault (Homicide),M,Black Non-Hispanic,286
2008,Assault (Homicide),M,Not Stated/Unknown,8
2012,Assault (Homicide),M,Black Non-Hispanic,235
2011,Assault (Homicide),M,Other Race/ Ethnicity,
2013,Assault (Homicide),M,Black Non-Hispanic,174
2007,Assault (Homicide),M,Other Race/ Ethnicity,
2014,Assault (Homicide),M,Black Non-Hispanic,186
2011,Assault (Homicide),M,Black Non-Hispanic,266
2010,Assault (Homicide),M,Other Race/ Ethnicity,
2007,Assault (Homicide),M,Black Non-Hispanic,267
2007,Assault (Homicide),M,Not Stated/Unknown,
2007,Atherosclerosis,F,Other Race/ Ethnicity,
2010,Atherosclerosis,F,Not Stated/Unknown,
2009,Atherosclerosis,F,Other Race/ Ethnicity,
2007,Cerebrovascular Disease (Stroke),M,Black Non-Hispanic,213
2009,Cerebrovascular Disease (Stroke),F,Not Stated/Unknown,5
2008,Cerebrovascular Disease (Stroke),F,Hispanic,152
2007,Cerebrovascular Disease (Stroke),M,Asian and Pacific Islander,56
2008,Cerebrovascular Disease (Stroke),M,Asian and Pacific Islander,48
2011,Cerebrovascular Disease (Stroke),M,White Non-Hispanic,290
2012,Cerebrovascular Disease (Stroke),M,Asian and Pacific Islander,70
2013,Cerebrovascular Disease (Stroke),F,Hispanic,222
2010,Cerebrovascular Disease (Stroke),F,Asian and Pacific Islander,89
2007,Cerebrovascular Disease (Stroke),F,White Non-Hispanic,372
2011,Cerebrovascular Disease (Stroke),F,Other Race/ Ethnicity,5
2009,Cerebrovascular Disease (Stroke),M,Asian and Pacific Islander,58
2008,Cerebrovascular Disease (Stroke),F,Black Non-Hispanic,267
2009,Cerebrovascular Disease (Stroke),M,Black Non-Hispanic,154
2009,Cerebrovascular Disease (Stroke),F,Other Race/ Ethnicity,
2010,Cerebrovascular Disease (Stroke),F,Hispanic,168
2013,Cerebrovascular Disease (Stroke),F,Other Race/ Ethnicity,7
2007,Cerebrovascular Disease (Stroke),F,Hispanic,164
2013,Cerebrovascular Disease (Stroke),M,Hispanic,158
2014,Cerebrovascular Disease (Stroke),M,Hispanic,165
2012,Cerebrovascular Disease (Stroke),M,Other Race/ Ethnicity,7
2007,Cerebrovascular Disease (Stroke),F,Asian and Pacific Islander,70
2012,Cerebrovascular Disease (Stroke),F,Asian and Pacific Islander,102
2009,Cerebrovascular Disease (Stroke),M,White Non-Hispanic,227
2014,Cerebrovascular Disease (Stroke),F,White Non-Hispanic,418
2014,Cerebrovascular Disease (Stroke),F,Not Stated/Unknown,10
2013,Cerebrovascular Disease (Stroke),F,Not Stated/Unknown,14
2013,Cerebrovascular Disease (Stroke),M,Black Non-Hispanic,191
2010,Cerebrovascular Disease (Stroke),M,Black Non-Hispanic,171
2014,Cerebrovascular Disease (Stroke),M,Asian and Pacific Islander,91
2014,Cerebrovascular Disease (Stroke),M,Black Non-Hispanic,197
2011,Cerebrovascular Disease (Stroke),F,Hispanic,179
2011,Cerebrovascular Disease (Stroke),M,Asian and Pacific Islander,79
2013,Cerebrovascular Disease (Stroke),F,Asian and Pacific Islander,80
2014,Cerebrovascular Disease (Stroke),M,Not Stated/Unknown,8
2013,Cerebrovascular Disease (Stroke),F,White Non-Hispanic,427
2013,Cerebrovascular Disease (Stroke),M,White Non-Hispanic,249
2008,Cerebrovascular Disease (Stroke),M,Black Non-Hispanic,206
2013,Cerebrovascular Disease (Stroke),F,Black Non-Hispanic,271
2013,Cerebrovascular Disease (Stroke),M,Other Race/ Ethnicity,10
2012,Cerebrovascular Disease (Stroke),M,Black Non-Hispanic,170
2010,Cerebrovascular Disease (Stroke),F,Not Stated/Unknown,
2012,Cerebrovascular Disease (Stroke),M,White Non-Hispanic,285
2010,Cerebrovascular Disease (Stroke),F,Black Non-Hispanic,259
2012,Cerebrovascular Disease (Stroke),F,Hispanic,169
2011,Cerebrovascular Disease (Stroke),M,Hispanic,147
2011,Cerebrovascular Disease (Stroke),F,Asian and Pacific Islander,98
2013,Cerebrovascular Disease (Stroke),M,Asian and Pacific Islander,71
2011,Cerebrovascular Disease (Stroke),F,Black Non-Hispanic,281
2010,Cerebrovascular Disease (Stroke),F,White Non-Hispanic,382
2010,Cerebrovascular Disease (Stroke),M,White Non-Hispanic,276
2014,Cerebrovascular Disease (Stroke),F,Other Race/ Ethnicity,8
2012,Cerebrovascular Disease (Stroke),F,Black Non-Hispanic,271
2008,Cerebrovascular Disease (Stroke),M,Hispanic,124
2014,Cerebrovascular Disease (Stroke),F,Hispanic,220
2010,Cerebrovascular Disease (Stroke),M,Asian and Pacific Islander,83
2009,Cerebrovascular Disease (Stroke),M,Hispanic,143
2007,Cerebrovascular Disease (Stroke),M,White Non-Hispanic,267
2014,Cerebrovascular Disease (Stroke),M,White Non-Hispanic,277
2008,Cerebrovascular Disease (Stroke),M,White Non-Hispanic,245
2012,Cerebrovascular Disease (Stroke),F,White Non-Hispanic,416
2009,Cerebrovascular Disease (Stroke),F,Asian and Pacific Islander,61
2007,Cerebrovascular Disease (Stroke),F,Not Stated/Unknown,
2014,Cerebrovascular Disease (Stroke),F,Asian and Pacific Islander,112
2009,Cerebrovascular Disease (Stroke),F,Hispanic,154
2007,Cerebrovascular Disease (Stroke),F,Other Race/ Ethnicity,
2014,Cerebrovascular Disease (Stroke),M,Other Race/ Ethnicity,7
2010,Cerebrovascular Disease (Stroke),M,Other Race/ Ethnicity,
2009,Cerebrovascular Disease (Stroke),F,Black Non-Hispanic,245
2008,Cerebrovascular Disease (Stroke),F,Other Race/ Ethnicity,
2011,Cerebrovascular Disease (Stroke),F,Not Stated/Unknown,
2007,Cerebrovascular Disease (Stroke),M,Hispanic,126
2008,Cerebrovascular Disease (Stroke),F,Not Stated/Unknown,13
2012,Cerebrovascular Disease (Stroke),F,Not Stated/Unknown,9
2007,Cerebrovascular Disease (Stroke),F,Black Non-Hispanic,279
2012,Cerebrovascular Disease (Stroke),M,Hispanic,129
2012,Cerebrovascular Disease (Stroke),F,Other Race/ Ethnicity,8
2009,Cerebrovascular Disease (Stroke),F,White Non-Hispanic,390
2011,Cerebrovascular Disease (Stroke),M,Black Non-Hispanic,200
2010,Cerebrovascular Disease (Stroke),M,Hispanic,140
2010,Cerebrovascular Disease (Stroke),M,Not Stated/Unknown,
2008,Cerebrovascular Disease (Stroke),M,Other Race/ Ethnicity,5
2014,Cerebrovascular Disease (Stroke),F,Black Non-Hispanic,274
2012,Cerebrovascular Disease (Stroke),M,Not Stated/Unknown,10
2009,Cerebrovascular Disease (Stroke),M,Other Race/ Ethnicity,
2010,Cerebrovascular Disease (Stroke),F,Other Race/ Ethnicity,
2008,Cerebrovascular Disease (Stroke),F,Asian and Pacific Islander,65
2007,Cerebrovascular Disease (Stroke),M,Other Race/ Ethnicity,7
2008,Cerebrovascular Disease (Stroke),F,White Non-Hispanic,379
2011,Cerebrovascular Disease (Stroke),F,White Non-Hispanic,466
2011,Certain Conditions originating in the Perinatal Period,M,Other Race/ Ethnicity,
2009,Certain Conditions originating in the Perinatal Period,F,Other Race/ Ethnicity,
2014,Certain Conditions originating in the Perinatal Period,M,Not Stated/Unknown,25
2008,Certain Conditions originating in the Perinatal Period,M,Other Race/ Ethnicity,
2009,Certain Conditions originating in the Perinatal Period,M,Not Stated/Unknown,8
2011,Certain Conditions originating in the Perinatal Period,M,Asian and Pacific Islander,19
2009,Certain Conditions originating in the Perinatal Period,M,Other Race/ Ethnicity,
2013,Certain Conditions originating in the Perinatal Period,M,Not Stated/Unknown,25
2010,Certain Conditions originating in the Perinatal Period,F,Not Stated/Unknown,5
2014,Certain Conditions originating in the Perinatal Period,F,Not Stated/Unknown,10
2010,Certain Conditions originating in the Perinatal Period,M,Not Stated/Unknown,6
2014,Certain Conditions originating in the Perinatal Period,M,Other Race/ Ethnicity,8
2011,Certain Conditions originating in the Perinatal Period,M,Not Stated/Unknown,10
2013,Certain Conditions originating in the Perinatal Period,F,Other Race/ Ethnicity,
2008,Certain Conditions originating in the Perinatal Period,F,Not Stated/Unknown,6
2007,Certain Conditions originating in the Perinatal Period,F,Not Stated/Unknown,
2008,Certain Conditions originating in the Perinatal Period,M,Not Stated/Unknown,6
2008,Certain Conditions originating in the Perinatal Period,F,Other Race/ Ethnicity,
2012,Certain Conditions originating in the Perinatal Period,F,Not Stated/Unknown,11
2012,Certain Conditions originating in the Perinatal Period,M,Other Race/ Ethnicity,
2011,Certain Conditions originating in the Perinatal Period,F,Not Stated/Unknown,14
2007,Certain Conditions originating in the Perinatal Period,F,Other Race/ Ethnicity,
2012,Certain Conditions originating in the Perinatal Period,M,Not Stated/Unknown,17
2009,Certain Conditions originating in the Perinatal Period,F,Not Stated/Unknown,
2013,Certain Conditions originating in the Perinatal Period,F,Not Stated/Unknown,9
2010,Certain Conditions originating in the Perinatal Period,F,Asian and Pacific Islander,18
2011,Chronic Liver Disease and Cirrhosis,M,Hispanic,167
2010,Chronic Liver Disease and Cirrhosis,M,Asian and Pacific Islander,18
2009,Chronic Liver Disease and Cirrhosis,M,Not Stated/Unknown,10
2013,Chronic Liver Disease and Cirrhosis,M,Asian and Pacific Islander,29
2012,Chronic Liver Disease and Cirrhosis,F,Hispanic,54
2014,Chronic Liver Disease and Cirrhosis,M,Asian and Pacific Islander,31
2008,Chronic Liver Disease and Cirrhosis,M,Hispanic,149
2007,Chronic Liver Disease and Cirrhosis,F,Not Stated/Unknown,
2008,Chronic Liver Disease and Cirrhosis,F,Other Race/ Ethnicity,
2013,Chronic Liver Disease and Cirrhosis,M,Other Race/ Ethnicity,
2012,Chronic Liver Disease and Cirrhosis,M,Hispanic,143
2009,Chronic Liver Disease and Cirrhosis,F,Not Stated/Unknown,
2010,Chronic Liver Disease and Cirrhosis,M,Hispanic,150
2008,Chronic Liver Disease and Cirrhosis,F,Hispanic,63
2011,Chronic Liver Disease and Cirrhosis,M,Other Race/ Ethnicity,5
2007,Chronic Liver Disease and Cirrhosis,M,Other Race/ Ethnicity,
2009,Chronic Liver Disease and Cirrhosis,M,Hispanic,119
2013,Chronic Liver Disease and Cirrhosis,M,Not Stated/Unknown,16
2008,Chronic Liver Disease and Cirrhosis,F,Not Stated/Unknown,
2013,Chronic Liver Disease and Cirrhosis,M,Hispanic,149
2014,Chronic Liver Disease and Cirrhosis,F,Not Stated/Unknown,
2014,Chronic Liver Disease and Cirrhosis,F,Hispanic,66
2007,Chronic Liver Disease and Cirrhosis,M,Asian and Pacific Islander,18
2009,Chronic Liver Disease and Cirrhosis,M,Asian and Pacific Islander,17
2010,Chronic Liver Disease and Cirrhosis,M,Other Race/ Ethnicity,
2012,Chronic Liver Disease and Cirrhosis,M,Asian and Pacific Islander,20
2014,Chronic Liver Disease and Cirrhosis,M,Other Race/ Ethnicity,10
2014,Chronic Liver Disease and Cirrhosis,M,Hispanic,164
2007,Chronic Liver Disease and Cirrhosis,M,Hispanic,107
2010,Chronic Lower Respiratory Diseases,F,White Non-Hispanic,501
2008,Chronic Lower Respiratory Diseases,F,Asian and Pacific Islander,30
2014,Chronic Lower Respiratory Diseases,M,Asian and Pacific Islander,95
2010,Chronic Lower Respiratory Diseases,M,Not Stated/Unknown,12
2009,Chronic Lower Respiratory Diseases,M,Hispanic,111
2007,Chronic Lower Respiratory Diseases,M,Other Race/ Ethnicity,
2014,Chronic Lower Respiratory Diseases,F,Black Non-Hispanic,220
2011,Chronic Lower Respiratory Diseases,F,Asian and Pacific Islander,30
2009,Chronic Lower Respiratory Diseases,F,White Non-Hispanic,458
2007,Chronic Lower Respiratory Diseases,M,Black Non-Hispanic,137
2013,Chronic Lower Respiratory Diseases,F,White Non-Hispanic,521
2013,Chronic Lower Respiratory Diseases,M,Other Race/ Ethnicity,
2007,Chronic Lower Respiratory Diseases,M,Asian and Pacific Islander,43
2008,Chronic Lower Respiratory Diseases,M,White Non-Hispanic,347
2011,Chronic Lower Respiratory Diseases,F,Not Stated/Unknown,5
2008,Chronic Lower Respiratory Diseases,M,Hispanic,132
2012,Chronic Lower Respiratory Diseases,F,Black Non-Hispanic,204
2009,Chronic Lower Respiratory Diseases,M,White Non-Hispanic,371
2010,Chronic Lower Respiratory Diseases,F,Black Non-Hispanic,206
2014,Chronic Lower Respiratory Diseases,M,White Non-Hispanic,399
2012,Chronic Lower Respiratory Diseases,F,Asian and Pacific Islander,39
2014,Chronic Lower Respiratory Diseases,F,Not Stated/Unknown,12
2007,Chronic Lower Respiratory Diseases,F,White Non-Hispanic,472
2011,Chronic Lower Respiratory Diseases,F,Black Non-Hispanic,221
2008,Chronic Lower Respiratory Diseases,F,Black Non-Hispanic,191
2013,Chronic Lower Respiratory Diseases,F,Asian and Pacific Islander,27
2008,Chronic Lower Respiratory Diseases,F,White Non-Hispanic,518
2008,Chronic Lower Respiratory Diseases,M,Black Non-Hispanic,169
2007,Chronic Lower Respiratory Diseases,F,Other Race/ Ethnicity,
2011,Chronic Lower Respiratory Diseases,M,Other Race/ Ethnicity,
2007,Chronic Lower Respiratory Diseases,M,Not Stated/Unknown,
2013,Chronic Lower Respiratory Diseases,M,Not Stated/Unknown,15
2014,Chronic Lower Respiratory Diseases,M,Hispanic,145
2009,Chronic Lower Respiratory Diseases,M,Black Non-Hispanic,147
2014,Chronic Lower Respiratory Diseases,F,White Non-Hispanic,515
2014,Chronic Lower Respiratory Diseases,M,Not Stated/Unknown,14
2007,Chronic Lower Respiratory Diseases,F,Not Stated/Unknown,6
2010,Chronic Lower Respiratory Diseases,M,White Non-Hispanic,388
2009,Chronic Lower Respiratory Diseases,F,Hispanic,155
2010,Chronic Lower Respiratory Diseases,M,Black Non-Hispanic,202
2011,Chronic Lower Respiratory Diseases,M,Black Non-Hispanic,200
2010,Chronic Lower Respiratory Diseases,F,Not Stated/Unknown,6
2012,Chronic Lower Respiratory Diseases,F,White Non-Hispanic,507
2011,Chronic Lower Respiratory Diseases,M,Asian and Pacific Islander,73
2011,Chronic Lower Respiratory Diseases,M,Not Stated/Unknown,
2007,Chronic Lower Respiratory Diseases,M,White Non-Hispanic,345
2008,Chronic Lower Respiratory Diseases,F,Not Stated/Unknown,
2013,Chronic Lower Respiratory Diseases,M,Hispanic,142
2008,Chronic Lower Respiratory Diseases,M,Asian and Pacific Islander,46
2013,Chronic Lower Respiratory Diseases,F,Hispanic,168
2011,Chronic Lower Respiratory Diseases,F,Other Race/ Ethnicity,
2009,Chronic Lower Respiratory Diseases,M,Asian and Pacific Islander,51
2012,Chronic Lower Respiratory Diseases,F,Hispanic,158
2012,Chronic Lower Respiratory Diseases,M,Not Stated/Unknown,11
2011,Chronic Lower Respiratory Diseases,M,White Non-Hispanic,444
2014,Chronic Lower Respiratory Diseases,F,Other Race/ Ethnicity,6
2012,Chronic Lower Respiratory Diseases,F,Not Stated/Unknown,8
2012,Chronic Lower Respiratory Diseases,M,Black Non-Hispanic,184
2012,Chronic Lower Respiratory Diseases,M,Asian and Pacific Islander,55
2014,Chronic Lower Respiratory Diseases,F,Hispanic,193
2013,Chronic Lower Respiratory Diseases,F,Black Non-Hispanic,258
2011,Chronic Lower Respiratory Diseases,F,White Non-Hispanic,510
2011,Chronic Lower Respiratory Diseases,M,Hispanic,123
2009,Chronic Lower Respiratory Diseases,F,Not Stated/Unknown,7
2013,Chronic Lower Respiratory Diseases,M,Asian and Pacific Islander,72
2010,Chronic Lower Respiratory Diseases,M,Asian and Pacific Islander,61
2010,Chronic Lower Respiratory Diseases,M,Other Race/ Ethnicity,5
2007,Chronic Lower Respiratory Diseases,F,Asian and Pacific Islander,29
2008,Chronic Lower Respiratory Diseases,F,Other Race/ Ethnicity,
2010,Chronic Lower Respiratory Diseases,F,Hispanic,156
2011,Chronic Lower Respiratory Diseases,F,Hispanic,156
2008,Chronic Lower Respiratory Diseases,M,Not Stated/Unknown,10
2012,Chronic Lower Respiratory Diseases,M,Hispanic,132
2007,Chronic Lower Respiratory Diseases,F,Hispanic,116
2010,Chronic Lower Respiratory Diseases,F,Asian and Pacific Islander,28
2014,Chronic Lower Respiratory Diseases,F,Asian and Pacific Islander,36
2009,Chronic Lower Respiratory Diseases,F,Asian and Pacific Islander,30
2013,Chronic Lower Respiratory Diseases,M,White Non-Hispanic,437
2014,Chronic Lower Respiratory Diseases,M,Black Non-Hispanic,186
2008,Chronic Lower Respiratory Diseases,F,Hispanic,156
2013,Chronic Lower Respiratory Diseases,M,Black Non-Hispanic,184
2007,Chronic Lower Respiratory Diseases,F,Black Non-Hispanic,163
2009,Chronic Lower Respiratory Diseases,F,Black Non-Hispanic,188
2009,Chronic Lower Respiratory Diseases,F,Other Race/ Ethnicity,
2012,Chronic Lower Respiratory Diseases,M,White Non-Hispanic,352
2013,Chronic Lower Respiratory Diseases,F,Not Stated/Unknown,9
2009,Chronic Lower Respiratory Diseases,M,Not Stated/Unknown,6
2010,Chronic Lower Respiratory Diseases,M,Hispanic,149
2012,"Congenital Malformations, Deformations, and Chromosomal Abnormalities",F,Not Stated/Unknown,8
2011,"Congenital Malformations, Deformations, and Chromosomal Abnormalities",M,Not Stated/Unknown,
2008,"Congenital Malformations, Deformations, and Chromosomal Abnormalities",M,Asian and Pacific Islander,14
2012,"Congenital Malformations, Deformations, and Chromosomal Abnormalities",F,Other Race/ Ethnicity,
2007,"Congenital Malformations, Deformations, and Chromosomal Abnormalities",F,Other Race/ Ethnicity,
2009,"Congenital Malformations, Deformations, and Chromosomal Abnormalities",F,Other Race/ Ethnicity,
2014,"Congenital Malformations, Deformations, and Chromosomal Abnormalities",F,Other Race/ Ethnicity,
2014,"Congenital Malformations, Deformations, and Chromosomal Abnormalities",F,Not Stated/Unknown,
2007,Diabetes Mellitus,M,Other Race/ Ethnicity,11
2011,Diabetes Mellitus,F,White Non-Hispanic,253
2014,Diabetes Mellitus,M,Asian and Pacific Islander,71
2014,Diabetes Mellitus,M,Not Stated/Unknown,8
2009,Diabetes Mellitus,F,White Non-Hispanic,229
2010,Diabetes Mellitus,F,Other Race/ Ethnicity,7
2009,Diabetes Mellitus,F,Other Race/ Ethnicity,
2007,Diabetes Mellitus,M,Hispanic,177
2014,Diabetes Mellitus,M,White Non-Hispanic,292
2007,Diabetes Mellitus,M,Not Stated/Unknown,9
2008,Diabetes Mellitus,M,Other Race/ Ethnicity,
2011,Diabetes Mellitus,M,Asian and Pacific Islander,60
2009,Diabetes Mellitus,M,Asian and Pacific Islander,48
2012,Diabetes Mellitus,M,Other Race/ Ethnicity,8
2007,Diabetes Mellitus,F,White Non-Hispanic,231
2013,Diabetes Mellitus,F,Hispanic,221
2013,Diabetes Mellitus,F,White Non-Hispanic,238
2013,Diabetes Mellitus,M,White Non-Hispanic,265
2008,Diabetes Mellitus,M,White Non-Hispanic,246
2010,Diabetes Mellitus,M,Black Non-Hispanic,279
2009,Diabetes Mellitus,F,Asian and Pacific Islander,55
2010,Diabetes Mellitus,F,White Non-Hispanic,258
2012,Diabetes Mellitus,F,Other Race/ Ethnicity,9
2008,Diabetes Mellitus,M,Black Non-Hispanic,265
2010,Diabetes Mellitus,M,Not Stated/Unknown,7
2013,Diabetes Mellitus,F,Black Non-Hispanic,410
2013,Diabetes Mellitus,F,Not Stated/Unknown,15
2009,Diabetes Mellitus,M,Black Non-Hispanic,285
2014,Diabetes Mellitus,M,Other Race/ Ethnicity,18
2014,Diabetes Mellitus,F,White Non-Hispanic,228
2008,Diabetes Mellitus,M,Asian and Pacific Islander,52
2007,Diabetes Mellitus,F,Other Race/ Ethnicity,
2010,Diabetes Mellitus,M,Asian and Pacific Islander,64
2007,Diabetes Mellitus,F,Asian and Pacific Islander,34
2009,Diabetes Mellitus,F,Hispanic,215
2013,Diabetes Mellitus,M,Other Race/ Ethnicity,17
2007,Diabetes Mellitus,M,White Non-Hispanic,237
2013,Diabetes Mellitus,M,Black Non-Hispanic,300
2011,Diabetes Mellitus,M,Not Stated/Unknown,7
2011,Diabetes Mellitus,F,Other Race/ Ethnicity,8
2013,Diabetes Mellitus,M,Hispanic,192
2012,Diabetes Mellitus,M,White Non-Hispanic,292
2012,Diabetes Mellitus,F,Black Non-Hispanic,409
2011,Diabetes Mellitus,M,Other Race/ Ethnicity,14
2011,Diabetes Mellitus,M,Hispanic,200
2009,Diabetes Mellitus,M,White Non-Hispanic,290
2008,Diabetes Mellitus,M,Hispanic,191
2013,Diabetes Mellitus,M,Asian and Pacific Islander,96
2007,Diabetes Mellitus,M,Black Non-Hispanic,246
2010,Diabetes Mellitus,M,White Non-Hispanic,245
2010,Diabetes Mellitus,F,Asian and Pacific Islander,51
2007,Diabetes Mellitus,F,Not Stated/Unknown,
2012,Diabetes Mellitus,F,Asian and Pacific Islander,57
2012,Diabetes Mellitus,F,Not Stated/Unknown,15
2011,Diabetes Mellitus,F,Not Stated/Unknown,6
2014,Diabetes Mellitus,F,Black Non-Hispanic,398
2013,Diabetes Mellitus,M,Not Stated/Unknown,19
2009,Diabetes Mellitus,F,Black Non-Hispanic,384
2010,Diabetes Mellitus,M,Hispanic,187
2010,Diabetes Mellitus,F,Not Stated/Unknown,5
2014,Diabetes Mellitus,F,Hispanic,209
2010,Diabetes Mellitus,F,Black Non-Hispanic,384
2011,Diabetes Mellitus,M,Black Non-Hispanic,307
2009,Diabetes Mellitus,M,Other Race/ Ethnicity,
2013,Diabetes Mellitus,F,Other Race/ Ethnicity,10
2007,Diabetes Mellitus,F,Hispanic,205
2012,Diabetes Mellitus,M,Asian and Pacific Islander,76
2012,Diabetes Mellitus,F,Hispanic,200
2008,Diabetes Mellitus,F,White Non-Hispanic,210
2013,Diabetes Mellitus,F,Asian and Pacific Islander,60
2014,Diabetes Mellitus,F,Asian and Pacific Islander,50
2010,Diabetes Mellitus,F,Hispanic,219
2011,Diabetes Mellitus,F,Hispanic,196
2014,Diabetes Mellitus,M,Hispanic,186
2014,Diabetes Mellitus,F,Other Race/ Ethnicity,11
2008,Diabetes Mellitus,F,Hispanic,228
2010,Diabetes Mellitus,M,Other Race/ Ethnicity,5
2011,Diabetes Mellitus,F,Asian and Pacific Islander,51
2012,Diabetes Mellitus,M,Hispanic,194
2012,Diabetes Mellitus,F,White Non-Hispanic,240
2009,Diabetes Mellitus,M,Hispanic,172
2008,Diabetes Mellitus,F,Not Stated/Unknown,12
2011,Diabetes Mellitus,F,Black Non-Hispanic,410
2008,Diabetes Mellitus,F,Other Race/ Ethnicity,
2008,Diabetes Mellitus,F,Black Non-Hispanic,380
2012,Diabetes Mellitus,M,Black Non-Hispanic,308
2014,Diabetes Mellitus,M,Black Non-Hispanic,318
2014,Diabetes Mellitus,F,Not Stated/Unknown,9
2007,Diabetes Mellitus,M,Asian and Pacific Islander,47
2011,Diabetes Mellitus,M,White Non-Hispanic,258
2008,Diabetes Mellitus,F,Asian and Pacific Islander,47
2007,Diabetes Mellitus,F,Black Non-Hispanic,358
2010,Diseases of Heart,F,Not Stated/Unknown,70
2009,Diseases of Heart,F,Hispanic,1349
2010,Diseases of Heart,F,Asian and Pacific Islander,394
2013,Diseases of Heart,F,Not Stated/Unknown,106
2010,Diseases of Heart,M,Not Stated/Unknown,70
2012,Diseases of Heart,F,Not Stated/Unknown,76
2013,Diseases of Heart,M,White Non-Hispanic,4085
2007,Diseases of Heart,F,Asian and Pacific Islander,428
2011,Diseases of Heart,F,Other Race/ Ethnicity,31
2012,Diseases of Heart,F,Asian and Pacific Islander,402
2007,Diseases of Heart,F,White Non-Hispanic,7050
2011,Diseases of Heart,F,Hispanic,1348
2007,Diseases of Heart,M,Not Stated/Unknown,86
2012,Diseases of Heart,F,Black Non-Hispanic,2269
2009,Diseases of Heart,M,Hispanic,1382
2007,Diseases of Heart,M,Hispanic,1327
2009,Diseases of Heart,M,White Non-Hispanic,5168
2009,Diseases of Heart,F,Asian and Pacific Islander,448
2007,Diseases of Heart,M,Asian and Pacific Islander,496
2007,Diseases of Heart,F,Black Non-Hispanic,2722
2013,Diseases of Heart,F,Asian and Pacific Islander,437
2009,Diseases of Heart,F,Other Race/ Ethnicity,40
2012,Diseases of Heart,M,Not Stated/Unknown,99
2007,Diseases of Heart,M,Black Non-Hispanic,2121
2011,Diseases of Heart,M,Other Race/ Ethnicity,42
2010,Diseases of Heart,F,White Non-Hispanic,5351
2008,Diseases of Heart,F,White Non-Hispanic,6836
2014,Diseases of Heart,M,Not Stated/Unknown,115
2014,Diseases of Heart,F,Not Stated/Unknown,95
2009,Diseases of Heart,M,Black Non-Hispanic,2068
2013,Diseases of Heart,F,Other Race/ Ethnicity,41
2010,Diseases of Heart,F,Other Race/ Ethnicity,50
2009,Diseases of Heart,F,Not Stated/Unknown,111
2014,Diseases of Heart,F,Asian and Pacific Islander,462
2008,Diseases of Heart,M,Black Non-Hispanic,2077
2010,Diseases of Heart,M,Black Non-Hispanic,2015
2010,Diseases of Heart,F,Black Non-Hispanic,2282
2013,Diseases of Heart,M,Hispanic,1307
2012,Diseases of Heart,F,Other Race/ Ethnicity,48
2012,Diseases of Heart,F,White Non-Hispanic,4719
2011,Diseases of Heart,F,Not Stated/Unknown,43
2014,Diseases of Heart,F,Other Race/ Ethnicity,68
2012,Diseases of Heart,M,White Non-Hispanic,4156
2014,Diseases of Heart,F,White Non-Hispanic,4507
2007,Diseases of Heart,F,Hispanic,1418
2008,Diseases of Heart,F,Black Non-Hispanic,2725
2008,Diseases of Heart,F,Other Race/ Ethnicity,35
2011,Diseases of Heart,M,Asian and Pacific Islander,452
2012,Diseases of Heart,F,Hispanic,1263
2007,Diseases of Heart,F,Not Stated/Unknown,82
2008,Diseases of Heart,F,Hispanic,1445
2011,Diseases of Heart,F,Black Non-Hispanic,2243
2011,Diseases of Heart,M,Black Non-Hispanic,1840
2011,Diseases of Heart,F,Asian and Pacific Islander,402
2009,Diseases of Heart,M,Other Race/ Ethnicity,38
2012,Diseases of Heart,M,Asian and Pacific Islander,469
2014,Diseases of Heart,M,Other Race/ Ethnicity,63
2011,Diseases of Heart,M,White Non-Hispanic,4220
2009,Diseases of Heart,F,White Non-Hispanic,6297
2010,Diseases of Heart,F,Hispanic,1316
2013,Diseases of Heart,M,Black Non-Hispanic,1868
2010,Diseases of Heart,M,Asian and Pacific Islander,478
2007,Diseases of Heart,M,White Non-Hispanic,5632
2007,Diseases of Heart,M,Other Race/ Ethnicity,36
2013,Diseases of Heart,M,Other Race/ Ethnicity,72
2008,Diseases of Heart,F,Asian and Pacific Islander,456
2014,Diseases of Heart,M,Hispanic,1281
2008,Diseases of Heart,M,White Non-Hispanic,5503
2007,Diseases of Heart,F,Other Race/ Ethnicity,43
2008,Diseases of Heart,M,Not Stated/Unknown,92
2011,Diseases of Heart,M,Hispanic,1201
2013,Diseases of Heart,M,Asian and Pacific Islander,531
2012,Diseases of Heart,M,Hispanic,1251
2011,Diseases of Heart,M,Not Stated/Unknown,62
2013,Diseases of Heart,M,Not Stated/Unknown,151
2014,Diseases of Heart,F,Hispanic,1230
2008,Diseases of Heart,M,Hispanic,1330
2014,Diseases of Heart,M,Asian and Pacific Islander,554
2010,Diseases of Heart,M,Other Race/ Ethnicity,52
2009,Diseases of Heart,F,Black Non-Hispanic,2535
2011,Diseases of Heart,F,White Non-Hispanic,5016
2009,Diseases of Heart,M,Asian and Pacific Islander,554
2010,Diseases of Heart,M,White Non-Hispanic,4495
2012,Diseases of Heart,M,Black Non-Hispanic,1940
2014,Diseases of Heart,F,Black Non-Hispanic,2194
2012,Diseases of Heart,M,Other Race/ Ethnicity,39
2013,Diseases of Heart,F,White Non-Hispanic,4535
2013,Diseases of Heart,F,Hispanic,1261
2014,Diseases of Heart,M,White Non-Hispanic,3990
2008,Diseases of Heart,M,Asian and Pacific Islander,546
2014,Diseases of Heart,M,Black Non-Hispanic,1958
2008,Diseases of Heart,M,Other Race/ Ethnicity,39
2013,Diseases of Heart,F,Black Non-Hispanic,2365
2008,Diseases of Heart,F,Not Stated/Unknown,108
2010,Diseases of Heart,M,Hispanic,1354
2009,Diseases of Heart,M,Not Stated/Unknown,94
2011,Essential Hypertension and Renal Diseases,F,White Non-Hispanic,199
2014,Essential Hypertension and Renal Diseases,F,Hispanic,116
2007,Essential Hypertension and Renal Diseases,M,Black Non-Hispanic,137
2007,Essential Hypertension and Renal Diseases,M,Asian and Pacific Islander,25
2011,Essential Hypertension and Renal Diseases,F,Asian and Pacific Islander,46
2012,Essential Hypertension and Renal Diseases,F,Hispanic,101
2008,Essential Hypertension and Renal Diseases,M,Asian and Pacific Islander,31
2008,Essential Hypertension and Renal Diseases,F,Other Race/ Ethnicity,
2013,Essential Hypertension and Renal Diseases,M,Not Stated/Unknown,15
2008,Essential Hypertension and Renal Diseases,M,Other Race/ Ethnicity,
2013,Essential Hypertension and Renal Diseases,M,White Non-Hispanic,156
2011,Essential Hypertension and Renal Diseases,M,White Non-Hispanic,142
2009,Essential Hypertension and Renal Diseases,F,Asian and Pacific Islander,18
2011,Essential Hypertension and Renal Diseases,M,Black Non-Hispanic,154
2007,Essential Hypertension and Renal Diseases,F,Asian and Pacific Islander,22
2012,Essential Hypertension and Renal Diseases,F,Not Stated/Unknown,5
2009,Essential Hypertension and Renal Diseases,F,Other Race/ Ethnicity,
2012,Essential Hypertension and Renal Diseases,F,Asian and Pacific Islander,39
2008,Essential Hypertension and Renal Diseases,F,Asian and Pacific Islander,32
2009,Essential Hypertension and Renal Diseases,M,Black Non-Hispanic,131
2010,Essential Hypertension and Renal Diseases,M,Asian and Pacific Islander,30
2013,Essential Hypertension and Renal Diseases,F,Not Stated/Unknown,7
2007,Essential Hypertension and Renal Diseases,M,White Non-Hispanic,123
2013,Essential Hypertension and Renal Diseases,F,Other Race/ Ethnicity,8
2014,Essential Hypertension and Renal Diseases,M,Black Non-Hispanic,155
2013,Essential Hypertension and Renal Diseases,M,Other Race/ Ethnicity,5
2009,Essential Hypertension and Renal Diseases,F,White Non-Hispanic,215
2013,Essential Hypertension and Renal Diseases,F,Hispanic,103
2011,Essential Hypertension and Renal Diseases,F,Not Stated/Unknown,
2008,Essential Hypertension and Renal Diseases,F,Not Stated/Unknown,
2012,Essential Hypertension and Renal Diseases,F,Other Race/ Ethnicity,
2010,Essential Hypertension and Renal Diseases,F,Hispanic,95
2012,Essential Hypertension and Renal Diseases,M,Asian and Pacific Islander,39
2010,Essential Hypertension and Renal Diseases,F,Black Non-Hispanic,252
2014,Essential Hypertension and Renal Diseases,F,White Non-Hispanic,180
2008,Essential Hypertension and Renal Diseases,M,White Non-Hispanic,165
2012,Essential Hypertension and Renal Diseases,M,Black Non-Hispanic,143
2011,Essential Hypertension and Renal Diseases,F,Hispanic,83
2007,Essential Hypertension and Renal Diseases,F,White Non-Hispanic,155
2012,Essential Hypertension and Renal Diseases,M,White Non-Hispanic,153
2007,Essential Hypertension and Renal Diseases,F,Not Stated/Unknown,5
2012,Essential Hypertension and Renal Diseases,F,White Non-Hispanic,199
2014,Essential Hypertension and Renal Diseases,F,Asian and Pacific Islander,29
2013,Essential Hypertension and Renal Diseases,M,Asian and Pacific Islander,33
2009,Essential Hypertension and Renal Diseases,M,Other Race/ Ethnicity,
2014,Essential Hypertension and Renal Diseases,F,Black Non-Hispanic,207
2009,Essential Hypertension and Renal Diseases,F,Black Non-Hispanic,227
2007,Essential Hypertension and Renal Diseases,F,Black Non-Hispanic,166
2008,Essential Hypertension and Renal Diseases,F,Hispanic,104
2014,Essential Hypertension and Renal Diseases,F,Not Stated/Unknown,
2010,Essential Hypertension and Renal Diseases,M,White Non-Hispanic,153
2008,Essential Hypertension and Renal Diseases,F,White Non-Hispanic,151
2013,Essential Hypertension and Renal Diseases,F,White Non-Hispanic,206
2011,Essential Hypertension and Renal Diseases,F,Other Race/ Ethnicity,
2007,Essential Hypertension and Renal Diseases,F,Hispanic,78
2009,Essential Hypertension and Renal Diseases,M,Asian and Pacific Islander,26
2012,Essential Hypertension and Renal Diseases,F,Black Non-Hispanic,214
2011,Essential Hypertension and Renal Diseases,M,Asian and Pacific Islander,37
2014,Essential Hypertension and Renal Diseases,F,Other Race/ Ethnicity,
2009,Essential Hypertension and Renal Diseases,M,White Non-Hispanic,148
2013,Essential Hypertension and Renal Diseases,F,Asian and Pacific Islander,50
2013,Essential Hypertension and Renal Diseases,M,Black Non-Hispanic,148
2010,Essential Hypertension and Renal Diseases,F,White Non-Hispanic,219
2011,Essential Hypertension and Renal Diseases,M,Not Stated/Unknown,
2013,Essential Hypertension and Renal Diseases,F,Black Non-Hispanic,240
2010,Essential Hypertension and Renal Diseases,F,Other Race/ Ethnicity,
2010,Essential Hypertension and Renal Diseases,F,Not Stated/Unknown,5
2014,Essential Hypertension and Renal Diseases,M,Not Stated/Unknown,9
2010,Essential Hypertension and Renal Diseases,M,Black Non-Hispanic,178
2008,Essential Hypertension and Renal Diseases,M,Black Non-Hispanic,134
2011,Essential Hypertension and Renal Diseases,F,Black Non-Hispanic,225
2010,Essential Hypertension and Renal Diseases,F,Asian and Pacific Islander,33
2008,Essential Hypertension and Renal Diseases,F,Black Non-Hispanic,192
2014,Essential Hypertension and Renal Diseases,M,White Non-Hispanic,175
2009,Essential Hypertension and Renal Diseases,F,Hispanic,84
2009,Human Immunodeficiency Virus Disease (HIV),M,Hispanic,196
2013,Human Immunodeficiency Virus Disease (HIV),M,Hispanic,122
2013,Human Immunodeficiency Virus Disease (HIV),F,Black Non-Hispanic,107
2012,Human Immunodeficiency Virus Disease (HIV),M,Black Non-Hispanic,223
2012,Human Immunodeficiency Virus Disease (HIV),M,Hispanic,103
2011,Human Immunodeficiency Virus Disease (HIV),F,Not Stated/Unknown,
2014,Human Immunodeficiency Virus Disease (HIV),F,Black Non-Hispanic,102
2008,Human Immunodeficiency Virus Disease (HIV),F,Black Non-Hispanic,227
2008,Human Immunodeficiency Virus Disease (HIV),M,Black Non-Hispanic,356
2014,Human Immunodeficiency Virus Disease (HIV),M,Hispanic,92
2011,Human Immunodeficiency Virus Disease (HIV),F,Black Non-Hispanic,144
2007,Human Immunodeficiency Virus Disease (HIV),F,Hispanic,109
2014,Human Immunodeficiency Virus Disease (HIV),M,Other Race/ Ethnicity,10
2012,Human Immunodeficiency Virus Disease (HIV),F,Black Non-Hispanic,136
2007,Human Immunodeficiency Virus Disease (HIV),M,Not Stated/Unknown,6
2014,Human Immunodeficiency Virus Disease (HIV),F,Not Stated/Unknown,7
2008,Human Immunodeficiency Virus Disease (HIV),M,Hispanic,222
2010,Human Immunodeficiency Virus Disease (HIV),M,Not Stated/Unknown,8
2011,Human Immunodeficiency Virus Disease (HIV),M,Not Stated/Unknown,10
2009,Human Immunodeficiency Virus Disease (HIV),F,Black Non-Hispanic,208
2010,Human Immunodeficiency Virus Disease (HIV),M,Black Non-Hispanic,297
2011,Human Immunodeficiency Virus Disease (HIV),F,Hispanic,70
2013,Human Immunodeficiency Virus Disease (HIV),M,Black Non-Hispanic,204
2007,Human Immunodeficiency Virus Disease (HIV),F,Not Stated/Unknown,5
2012,Human Immunodeficiency Virus Disease (HIV),M,Not Stated/Unknown,9
2010,Human Immunodeficiency Virus Disease (HIV),F,Black Non-Hispanic,152
2009,Human Immunodeficiency Virus Disease (HIV),M,Black Non-Hispanic,329
2009,Human Immunodeficiency Virus Disease (HIV),F,Not Stated/Unknown,
2008,Human Immunodeficiency Virus Disease (HIV),M,Other Race/ Ethnicity,
2007,Human Immunodeficiency Virus Disease (HIV),M,Black Non-Hispanic,377
2009,Human Immunodeficiency Virus Disease (HIV),M,Not Stated/Unknown,8
2007,Human Immunodeficiency Virus Disease (HIV),M,Other Race/ Ethnicity,
2010,Human Immunodeficiency Virus Disease (HIV),F,Hispanic,79
2011,Human Immunodeficiency Virus Disease (HIV),M,Black Non-Hispanic,277
2014,Human Immunodeficiency Virus Disease (HIV),M,Black Non-Hispanic,196
2008,Human Immunodeficiency Virus Disease (HIV),F,Hispanic,113
2010,Human Immunodeficiency Virus Disease (HIV),M,Hispanic,189
2014,Human Immunodeficiency Virus Disease (HIV),M,Not Stated/Unknown,10
2007,Human Immunodeficiency Virus Disease (HIV),M,Hispanic,218
2009,Human Immunodeficiency Virus Disease (HIV),F,Hispanic,96
2007,Human Immunodeficiency Virus Disease (HIV),F,Black Non-Hispanic,248
2011,Human Immunodeficiency Virus Disease (HIV),M,Hispanic,162
2008,Human Immunodeficiency Virus Disease (HIV),M,Not Stated/Unknown,9
2014,Influenza (Flu) and Pneumonia,M,Hispanic,199
2008,Influenza (Flu) and Pneumonia,F,Asian and Pacific Islander,73
2013,Influenza (Flu) and Pneumonia,F,Hispanic,204
2013,Influenza (Flu) and Pneumonia,M,White Non-Hispanic,618
2014,Influenza (Flu) and Pneumonia,M,Asian and Pacific Islander,105
2012,Influenza (Flu) and Pneumonia,M,Other Race/ Ethnicity,
2007,Influenza (Flu) and Pneumonia,F,Asian and Pacific Islander,58
2012,Influenza (Flu) and Pneumonia,M,Asian and Pacific Islander,76
2009,Influenza (Flu) and Pneumonia,F,White Non-Hispanic,629
2014,Influenza (Flu) and Pneumonia,M,Other Race/ Ethnicity,11
2007,Influenza (Flu) and Pneumonia,M,Other Race/ Ethnicity,7
2008,Influenza (Flu) and Pneumonia,M,White Non-Hispanic,529
2011,Influenza (Flu) and Pneumonia,F,Other Race/ Ethnicity,6
2010,Influenza (Flu) and Pneumonia,M,White Non-Hispanic,614
2011,Influenza (Flu) and Pneumonia,M,White Non-Hispanic,646
2008,Influenza (Flu) and Pneumonia,F,White Non-Hispanic,621
2010,Influenza (Flu) and Pneumonia,M,Not Stated/Unknown,
2012,Influenza (Flu) and Pneumonia,F,Other Race/ Ethnicity,6
2007,Influenza (Flu) and Pneumonia,M,Asian and Pacific Islander,66
2013,Influenza (Flu) and Pneumonia,M,Not Stated/Unknown,24
2013,Influenza (Flu) and Pneumonia,M,Black Non-Hispanic,274
2009,Influenza (Flu) and Pneumonia,F,Hispanic,216
2010,Influenza (Flu) and Pneumonia,M,Hispanic,235
2014,Influenza (Flu) and Pneumonia,F,Black Non-Hispanic,266
2012,Influenza (Flu) and Pneumonia,F,Black Non-Hispanic,295
2013,Influenza (Flu) and Pneumonia,M,Other Race/ Ethnicity,8
2009,Influenza (Flu) and Pneumonia,M,Black Non-Hispanic,207
2007,Influenza (Flu) and Pneumonia,M,Hispanic,189
2012,Influenza (Flu) and Pneumonia,M,Hispanic,205
2013,Influenza (Flu) and Pneumonia,F,Other Race/ Ethnicity,6
2009,Influenza (Flu) and Pneumonia,M,Hispanic,183
2012,Influenza (Flu) and Pneumonia,F,White Non-Hispanic,576
2011,Influenza (Flu) and Pneumonia,M,Hispanic,209
2008,Influenza (Flu) and Pneumonia,M,Not Stated/Unknown,11
2009,Influenza (Flu) and Pneumonia,F,Not Stated/Unknown,17
2011,Influenza (Flu) and Pneumonia,M,Not Stated/Unknown,8
2007,Influenza (Flu) and Pneumonia,M,Not Stated/Unknown,13
2008,Influenza (Flu) and Pneumonia,F,Not Stated/Unknown,14
2009,Influenza (Flu) and Pneumonia,M,Asian and Pacific Islander,84
2012,Influenza (Flu) and Pneumonia,M,Black Non-Hispanic,242
2010,Influenza (Flu) and Pneumonia,F,White Non-Hispanic,707
2011,Influenza (Flu) and Pneumonia,M,Asian and Pacific Islander,94
2011,Influenza (Flu) and Pneumonia,F,Black Non-Hispanic,273
2010,Influenza (Flu) and Pneumonia,F,Black Non-Hispanic,275
2011,Influenza (Flu) and Pneumonia,F,White Non-Hispanic,696
2007,Influenza (Flu) and Pneumonia,F,Not Stated/Unknown,
2014,Influenza (Flu) and Pneumonia,F,Other Race/ Ethnicity,9
2014,Influenza (Flu) and Pneumonia,F,White Non-Hispanic,563
2012,Influenza (Flu) and Pneumonia,M,White Non-Hispanic,540
2007,Influenza (Flu) and Pneumonia,F,White Non-Hispanic,659
2011,Influenza (Flu) and Pneumonia,F,Not Stated/Unknown,8
2009,Influenza (Flu) and Pneumonia,F,Other Race/ Ethnicity,5
2007,Influenza (Flu) and Pneumonia,M,White Non-Hispanic,530
2014,Influenza (Flu) and Pneumonia,M,Not Stated/Unknown,14
2012,Influenza (Flu) and Pneumonia,F,Asian and Pacific Islander,74
2013,Influenza (Flu) and Pneumonia,F,Asian and Pacific Islander,78
2013,Influenza (Flu) and Pneumonia,F,Black Non-Hispanic,285
2008,Influenza (Flu) and Pneumonia,F,Black Non-Hispanic,318
2009,Influenza (Flu) and Pneumonia,M,Not Stated/Unknown,14
2008,Influenza (Flu) and Pneumonia,F,Other Race/ Ethnicity,
2008,Influenza (Flu) and Pneumonia,M,Other Race/ Ethnicity,5
2008,Influenza (Flu) and Pneumonia,M,Hispanic,187
2011,Influenza (Flu) and Pneumonia,F,Asian and Pacific Islander,83
2011,Influenza (Flu) and Pneumonia,F,Hispanic,218
2013,Influenza (Flu) and Pneumonia,M,Hispanic,233
2011,Influenza (Flu) and Pneumonia,M,Other Race/ Ethnicity,7
2008,Influenza (Flu) and Pneumonia,M,Black Non-Hispanic,222
2008,Influenza (Flu) and Pneumonia,M,Asian and Pacific Islander,90
2007,Influenza (Flu) and Pneumonia,F,Other Race/ Ethnicity,
2013,Influenza (Flu) and Pneumonia,F,White Non-Hispanic,622
2009,Influenza (Flu) and Pneumonia,F,Black Non-Hispanic,281
2009,Influenza (Flu) and Pneumonia,M,Other Race/ Ethnicity,
2010,Influenza (Flu) and Pneumonia,M,Black Non-Hispanic,201
2013,Influenza (Flu) and Pneumonia,M,Asian and Pacific Islander,102
2010,Influenza (Flu) and Pneumonia,F,Asian and Pacific Islander,74
2014,Influenza (Flu) and Pneumonia,M,White Non-Hispanic,502
2010,Influenza (Flu) and Pneumonia,F,Not Stated/Unknown,
2014,Influenza (Flu) and Pneumonia,F,Not Stated/Unknown,11
2014,Influenza (Flu) and Pneumonia,M,Black Non-Hispanic,242
2012,Influenza (Flu) and Pneumonia,F,Not Stated/Unknown,6
2007,Influenza (Flu) and Pneumonia,F,Black Non-Hispanic,295
2010,Influenza (Flu) and Pneumonia,F,Hispanic,228
2007,Influenza (Flu) and Pneumonia,F,Hispanic,190
2013,Influenza (Flu) and Pneumonia,F,Not Stated/Unknown,18
2010,Influenza (Flu) and Pneumonia,M,Other Race/ Ethnicity,6
2009,Influenza (Flu) and Pneumonia,F,Asian and Pacific Islander,83
2014,Influenza (Flu) and Pneumonia,F,Asian and Pacific Islander,80
2009,Influenza (Flu) and Pneumonia,M,White Non-Hispanic,555
2011,Influenza (Flu) and Pneumonia,M,Black Non-Hispanic,243
2010,Influenza (Flu) and Pneumonia,M,Asian and Pacific Islander,108
2010,Influenza (Flu) and Pneumonia,F,Other Race/ Ethnicity,
2014,Influenza (Flu) and Pneumonia,F,Hispanic,218
2012,Influenza (Flu) and Pneumonia,M,Not Stated/Unknown,11
2008,Influenza (Flu) and Pneumonia,F,Hispanic,227
2012,Influenza (Flu) and Pneumonia,F,Hispanic,209
2007,Influenza (Flu) and Pneumonia,M,Black Non-Hispanic,229
2008,Insitu or Benign / Uncertain Neoplasms,F,Not Stated/Unknown,5
2010,Insitu or Benign / Uncertain Neoplasms,F,Not Stated/Unknown,
2007,Insitu or Benign / Uncertain Neoplasms,F,Not Stated/Unknown,
2010,Insitu or Benign / Uncertain Neoplasms,F,Other Race/ Ethnicity,
2007,Insitu or Benign / Uncertain Neoplasms,F,Other Race/ Ethnicity,
2007,Intentional Self-Harm (Suicide),M,Asian and Pacific Islander,36
2013,Intentional Self-Harm (Suicide),M,Other Race/ Ethnicity,6
2013,Intentional Self-Harm (Suicide),M,Not Stated/Unknown,17
2012,Intentional Self-Harm (Suicide),F,Asian and Pacific Islander,33
2008,Intentional Self-Harm (Suicide),M,Other Race/ Ethnicity,
2012,Intentional Self-Harm (Suicide),M,Other Race/ Ethnicity,
2014,Intentional Self-Harm (Suicide),F,Asian and Pacific Islander,28
2009,Intentional Self-Harm (Suicide),M,White Non-Hispanic,191
2010,Intentional Self-Harm (Suicide),F,Asian and Pacific Islander,17
2012,Intentional Self-Harm (Suicide),M,Not Stated/Unknown,8
2009,Intentional Self-Harm (Suicide),M,Asian and Pacific Islander,35
2013,Intentional Self-Harm (Suicide),M,Asian and Pacific Islander,41
2011,Intentional Self-Harm (Suicide),M,Asian and Pacific Islander,49
2008,Intentional Self-Harm (Suicide),F,Not Stated/Unknown,
2011,Intentional Self-Harm (Suicide),F,Other Race/ Ethnicity,
2008,Intentional Self-Harm (Suicide),M,Asian and Pacific Islander,30
2007,Intentional Self-Harm (Suicide),F,Asian and Pacific Islander,22
2008,Intentional Self-Harm (Suicide),F,Asian and Pacific Islander,26
2011,Intentional Self-Harm (Suicide),M,Not Stated/Unknown,
2010,Intentional Self-Harm (Suicide),M,Other Race/ Ethnicity,
2012,Intentional Self-Harm (Suicide),M,White Non-Hispanic,199
2007,Intentional Self-Harm (Suicide),M,Not Stated/Unknown,5
2008,Intentional Self-Harm (Suicide),M,White Non-Hispanic,195
2012,Intentional Self-Harm (Suicide),M,Asian and Pacific Islander,40
2009,Intentional Self-Harm (Suicide),F,Asian and Pacific Islander,17
2014,Intentional Self-Harm (Suicide),M,Asian and Pacific Islander,50
2014,Intentional Self-Harm (Suicide),M,White Non-Hispanic,204
2010,Intentional Self-Harm (Suicide),M,Asian and Pacific Islander,46
2010,Intentional Self-Harm (Suicide),M,Not Stated/Unknown,
2011,Intentional Self-Harm (Suicide),M,White Non-Hispanic,177
2011,Intentional Self-Harm (Suicide),M,Other Race/ Ethnicity,5
2010,Intentional Self-Harm (Suicide),M,White Non-Hispanic,182
2010,Intentional Self-Harm (Suicide),F,Other Race/ Ethnicity,5
2014,Intentional Self-Harm (Suicide),F,Other Race/ Ethnicity,5
2013,Intentional Self-Harm (Suicide),M,White Non-Hispanic,204
2013,Intentional Self-Harm (Suicide),F,Other Race/ Ethnicity,5
2007,Intentional Self-Harm (Suicide),M,White Non-Hispanic,187
2011,Intentional Self-Harm (Suicide),F,Asian and Pacific Islander,21
2014,Malignant Neoplasms (Cancer),F,Black Non-Hispanic,1852
2012,Malignant Neoplasms (Cancer),M,Asian and Pacific Islander,622
2008,Malignant Neoplasms (Cancer),F,Not Stated/Unknown,36
2007,Malignant Neoplasms (Cancer),M,Not Stated/Unknown,45
2007,Malignant Neoplasms (Cancer),F,White Non-Hispanic,3518
2008,Malignant Neoplasms (Cancer),M,Hispanic,1080
2010,Malignant Neoplasms (Cancer),F,Hispanic,1045
2009,Malignant Neoplasms (Cancer),M,Not Stated/Unknown,47
2013,Malignant Neoplasms (Cancer),M,Other Race/ Ethnicity,32
2011,Malignant Neoplasms (Cancer),F,Black Non-Hispanic,1918
2008,Malignant Neoplasms (Cancer),F,Asian and Pacific Islander,344
2009,Malignant Neoplasms (Cancer),F,Other Race/ Ethnicity,19
2008,Malignant Neoplasms (Cancer),M,Asian and Pacific Islander,473
2008,Malignant Neoplasms (Cancer),M,White Non-Hispanic,3361
2008,Malignant Neoplasms (Cancer),F,Hispanic,1046
2013,Malignant Neoplasms (Cancer),M,Not Stated/Unknown,99
2007,Malignant Neoplasms (Cancer),F,Not Stated/Unknown,51
2012,Malignant Neoplasms (Cancer),F,Asian and Pacific Islander,461
2014,Malignant Neoplasms (Cancer),F,White Non-Hispanic,3153
2013,Malignant Neoplasms (Cancer),F,Black Non-Hispanic,1784
2014,Malignant Neoplasms (Cancer),F,Not Stated/Unknown,50
2011,Malignant Neoplasms (Cancer),F,Hispanic,1085
2014,Malignant Neoplasms (Cancer),F,Hispanic,1154
2009,Malignant Neoplasms (Cancer),F,White Non-Hispanic,3346
2010,Malignant Neoplasms (Cancer),F,Other Race/ Ethnicity,34
2011,Malignant Neoplasms (Cancer),M,Asian and Pacific Islander,550
2007,Malignant Neoplasms (Cancer),F,Asian and Pacific Islander,395
2009,Malignant Neoplasms (Cancer),F,Not Stated/Unknown,41
2013,Malignant Neoplasms (Cancer),F,Not Stated/Unknown,94
2010,Malignant Neoplasms (Cancer),F,Asian and Pacific Islander,414
2014,Malignant Neoplasms (Cancer),M,Asian and Pacific Islander,657
2009,Malignant Neoplasms (Cancer),M,Black Non-Hispanic,1557
2014,Malignant Neoplasms (Cancer),M,White Non-Hispanic,3142
2009,Malignant Neoplasms (Cancer),F,Hispanic,1097
2010,Malignant Neoplasms (Cancer),M,Other Race/ Ethnicity,25
2012,Malignant Neoplasms (Cancer),F,White Non-Hispanic,3256
2013,Malignant Neoplasms (Cancer),M,White Non-Hispanic,3132
2007,Malignant Neoplasms (Cancer),M,Black Non-Hispanic,1523
2011,Malignant Neoplasms (Cancer),M,Other Race/ Ethnicity,36
2011,Malignant Neoplasms (Cancer),M,Not Stated/Unknown,27
2013,Malignant Neoplasms (Cancer),F,Asian and Pacific Islander,467
2007,Malignant Neoplasms (Cancer),M,Other Race/ Ethnicity,29
2012,Malignant Neoplasms (Cancer),M,Not Stated/Unknown,53
2010,Malignant Neoplasms (Cancer),M,Not Stated/Unknown,46
2012,Malignant Neoplasms (Cancer),F,Other Race/ Ethnicity,29
2010,Malignant Neoplasms (Cancer),F,White Non-Hispanic,3438
2009,Malignant Neoplasms (Cancer),M,Other Race/ Ethnicity,12
2010,Malignant Neoplasms (Cancer),M,Asian and Pacific Islander,526
2013,Malignant Neoplasms (Cancer),F,White Non-Hispanic,3187
2008,Malignant Neoplasms (Cancer),F,Other Race/ Ethnicity,21
2010,Malignant Neoplasms (Cancer),M,Black Non-Hispanic,1540
2014,Malignant Neoplasms (Cancer),M,Black Non-Hispanic,1532
2007,Malignant Neoplasms (Cancer),F,Other Race/ Ethnicity,22
2013,Malignant Neoplasms (Cancer),M,Black Non-Hispanic,1592
2012,Malignant Neoplasms (Cancer),M,Hispanic,1126
2008,Malignant Neoplasms (Cancer),F,White Non-Hispanic,3366
2011,Malignant Neoplasms (Cancer),F,Not Stated/Unknown,11
2013,Malignant Neoplasms (Cancer),F,Hispanic,1149
2008,Malignant Neoplasms (Cancer),M,Other Race/ Ethnicity,33
2007,Malignant Neoplasms (Cancer),M,Asian and Pacific Islander,528
2014,Malignant Neoplasms (Cancer),F,Other Race/ Ethnicity,66
2014,Malignant Neoplasms (Cancer),F,Asian and Pacific Islander,502
2009,Malignant Neoplasms (Cancer),M,Asian and Pacific Islander,506
2009,Malignant Neoplasms (Cancer),M,White Non-Hispanic,3236
2014,Malignant Neoplasms (Cancer),M,Hispanic,1146
2010,Malignant Neoplasms (Cancer),F,Not Stated/Unknown,29
2011,Malignant Neoplasms (Cancer),M,Hispanic,1144
2007,Malignant Neoplasms (Cancer),F,Black Non-Hispanic,1800
2012,Malignant Neoplasms (Cancer),F,Black Non-Hispanic,1912
2012,Malignant Neoplasms (Cancer),F,Hispanic,1125
2012,Malignant Neoplasms (Cancer),M,Black Non-Hispanic,1563
2009,Malignant Neoplasms (Cancer),F,Asian and Pacific Islander,398
2008,Malignant Neoplasms (Cancer),M,Not Stated/Unknown,60
2011,Malignant Neoplasms (Cancer),M,White Non-Hispanic,3222
2008,Malignant Neoplasms (Cancer),M,Black Non-Hispanic,1464
2014,Malignant Neoplasms (Cancer),M,Other Race/ Ethnicity,50
2011,Malignant Neoplasms (Cancer),F,Other Race/ Ethnicity,33
2011,Malignant Neoplasms (Cancer),M,Black Non-Hispanic,1590
2012,Malignant Neoplasms (Cancer),M,Other Race/ Ethnicity,34
2010,Malignant Neoplasms (Cancer),M,White Non-Hispanic,3408
2013,Malignant Neoplasms (Cancer),M,Asian and Pacific Islander,633
2013,Malignant Neoplasms (Cancer),M,Hispanic,1146
2011,Malignant Neoplasms (Cancer),F,Asian and Pacific Islander,451
2013,Malignant Neoplasms (Cancer),F,Other Race/ Ethnicity,43
2008,Malignant Neoplasms (Cancer),F,Black Non-Hispanic,1756
2009,Malignant Neoplasms (Cancer),F,Black Non-Hispanic,1735
2012,Malignant Neoplasms (Cancer),M,White Non-Hispanic,3184
2011,Malignant Neoplasms (Cancer),F,White Non-Hispanic,3371
2012,Malignant Neoplasms (Cancer),F,Not Stated/Unknown,36
2009,Malignant Neoplasms (Cancer),M,Hispanic,1180
2007,Malignant Neoplasms (Cancer),M,White Non-Hispanic,3356
2014,Malignant Neoplasms (Cancer),M,Not Stated/Unknown,73
2007,Malignant Neoplasms (Cancer),M,Hispanic,1013
2010,Malignant Neoplasms (Cancer),F,Black Non-Hispanic,1768
2007,Malignant Neoplasms (Cancer),F,Hispanic,969
2010,Malignant Neoplasms (Cancer),M,Hispanic,1057
2013,Mental and Behavioral Disorders due to Accidental Poisoning and Other Psychoactive Substance Use,M,Not Stated/Unknown,21
2013,Mental and Behavioral Disorders due to Accidental Poisoning and Other Psychoactive Substance Use,F,Hispanic,63
2013,Mental and Behavioral Disorders due to Accidental Poisoning and Other Psychoactive Substance Use,M,Hispanic,188
2010,Mental and Behavioral Disorders due to Accidental Poisoning and Other Psychoactive Substance Use,M,Hispanic,138
2008,Mental and Behavioral Disorders due to Accidental Poisoning and Other Psychoactive Substance Use,M,Not Stated/Unknown,13
2011,Mental and Behavioral Disorders due to Accidental Poisoning and Other Psychoactive Substance Use,F,Not Stated/Unknown,
2009,Mental and Behavioral Disorders due to Accidental Poisoning and Other Psychoactive Substance Use,F,White Non-Hispanic,75
2011,Mental and Behavioral Disorders due to Accidental Poisoning and Other Psychoactive Substance Use,M,Not Stated/Unknown,5
2007,Mental and Behavioral Disorders due to Accidental Poisoning and Other Psychoactive Substance Use,M,Black Non-Hispanic,163
2007,Mental and Behavioral Disorders due to Accidental Poisoning and Other Psychoactive Substance Use,M,White Non-Hispanic,261
2011,Mental and Behavioral Disorders due to Accidental Poisoning and Other Psychoactive Substance Use,M,White Non-Hispanic,254
2007,Mental and Behavioral Disorders due to Accidental Poisoning and Other Psychoactive Substance Use,F,Black Non-Hispanic,87
2011,Mental and Behavioral Disorders due to Accidental Poisoning and Other Psychoactive Substance Use,M,Black Non-Hispanic,135
2011,Mental and Behavioral Disorders due to Accidental Poisoning and Other Psychoactive Substance Use,F,Hispanic,56
2014,Mental and Behavioral Disorders due to Accidental Poisoning and Other Psychoactive Substance Use,M,Other Race/ Ethnicity,12
2012,Mental and Behavioral Disorders due to Accidental Poisoning and Other Psychoactive Substance Use,M,Not Stated/Unknown,7
2010,Mental and Behavioral Disorders due to Accidental Poisoning and Other Psychoactive Substance Use,M,White Non-Hispanic,211
2013,Mental and Behavioral Disorders due to Accidental Poisoning and Other Psychoactive Substance Use,M,White Non-Hispanic,286
2011,Mental and Behavioral Disorders due to Accidental Poisoning and Other Psychoactive Substance Use,F,White Non-Hispanic,88
2009,Mental and Behavioral Disorders due to Accidental Poisoning and Other Psychoactive Substance Use,M,White Non-Hispanic,221
2007,Mental and Behavioral Disorders due to Accidental Poisoning and Other Psychoactive Substance Use,M,Not Stated/Unknown,10
2008,Mental and Behavioral Disorders due to Accidental Poisoning and Other Psychoactive Substance Use,M,Hispanic,172
2013,Mental and Behavioral Disorders due to Accidental Poisoning and Other Psychoactive Substance Use,F,Not Stated/Unknown,6
2009,Mental and Behavioral Disorders due to Accidental Poisoning and Other Psychoactive Substance Use,F,Hispanic,57
2009,Mental and Behavioral Disorders due to Accidental Poisoning and Other Psychoactive Substance Use,M,Not Stated/Unknown,7
2011,Mental and Behavioral Disorders due to Accidental Poisoning and Other Psychoactive Substance Use,M,Hispanic,145
2014,Mental and Behavioral Disorders due to Accidental Poisoning and Other Psychoactive Substance Use,F,Not Stated/Unknown,6
2010,Mental and Behavioral Disorders due to Accidental Poisoning and Other Psychoactive Substance Use,M,Not Stated/Unknown,6
2012,Mental and Behavioral Disorders due to Accidental Poisoning and Other Psychoactive Substance Use,M,White Non-Hispanic,272
2008,Mental and Behavioral Disorders due to Accidental Poisoning and Other Psychoactive Substance Use,F,White Non-Hispanic,86
2014,Mental and Behavioral Disorders due to Accidental Poisoning and Other Psychoactive Substance Use,M,White Non-Hispanic,314
2009,Mental and Behavioral Disorders due to Accidental Poisoning and Other Psychoactive Substance Use,M,Other Race/ Ethnicity,
2007,Mental and Behavioral Disorders due to Accidental Poisoning and Other Psychoactive Substance Use,M,Hispanic,183
2009,Mental and Behavioral Disorders due to Accidental Poisoning and Other Psychoactive Substance Use,M,Hispanic,145
2010,Mental and Behavioral Disorders due to Accidental Poisoning and Other Psychoactive Substance Use,F,Other Race/ Ethnicity,
2008,Mental and Behavioral Disorders due to Accidental Poisoning and Other Psychoactive Substance Use,M,White Non-Hispanic,227
2014,Mental and Behavioral Disorders due to Accidental Poisoning and Other Psychoactive Substance Use,M,Hispanic,191
2012,Mental and Behavioral Disorders due to Accidental Poisoning and Other Psychoactive Substance Use,F,Other Race/ Ethnicity,
2012,Mental and Behavioral Disorders due to Accidental Poisoning and Other Psychoactive Substance Use,M,Hispanic,173
2010,Mental and Behavioral Disorders due to Use of Alcohol,M,Other Race/ Ethnicity,
2007,Mental and Behavioral Disorders due to Use of Alcohol,M,Not Stated/Unknown,
2011,"Nephritis, Nephrotic Syndrome and Nephrisis",F,Not Stated/Unknown,
2008,"Nephritis, Nephrotic Syndrome and Nephrisis",M,Asian and Pacific Islander,14
2009,"Nephritis, Nephrotic Syndrome and Nephrisis",F,Other Race/ Ethnicity,
2014,"Nephritis, Nephrotic Syndrome and Nephrisis",M,Asian and Pacific Islander,28
2008,"Nephritis, Nephrotic Syndrome and Nephrisis",F,Black Non-Hispanic,71
2008,"Nephritis, Nephrotic Syndrome and Nephrisis",F,Asian and Pacific Islander,13
2012,"Nephritis, Nephrotic Syndrome and Nephrisis",F,Black Non-Hispanic,76
2007,"Nephritis, Nephrotic Syndrome and Nephrisis",F,Asian and Pacific Islander,13
2014,"Nephritis, Nephrotic Syndrome and Nephrisis",F,Black Non-Hispanic,90
2009,"Nephritis, Nephrotic Syndrome and Nephrisis",M,Other Race/ Ethnicity,
2009,"Nephritis, Nephrotic Syndrome and Nephrisis",F,Black Non-Hispanic,75
2007,"Nephritis, Nephrotic Syndrome and Nephrisis",F,White Non-Hispanic,89
2013,"Nephritis, Nephrotic Syndrome and Nephrisis",F,Other Race/ Ethnicity,
2012,"Nephritis, Nephrotic Syndrome and Nephrisis",F,Asian and Pacific Islander,22
2011,"Nephritis, Nephrotic Syndrome and Nephrisis",F,Black Non-Hispanic,83
2010,"Nephritis, Nephrotic Syndrome and Nephrisis",F,Black Non-Hispanic,86
2013,"Nephritis, Nephrotic Syndrome and Nephrisis",F,Black Non-Hispanic,93
2011,Parkinson's Disease,F,Not Stated/Unknown,
2010,Septicemia,F,White Non-Hispanic,107
2013,Septicemia,F,Asian and Pacific Islander,16
2013,Septicemia,F,White Non-Hispanic,135
2012,Septicemia,M,Other Race/ Ethnicity,6
2010,Septicemia,F,Not Stated/Unknown,
2011,Septicemia,F,Not Stated/Unknown,
2012,Septicemia,F,Other Race/ Ethnicity,
2012,Septicemia,F,White Non-Hispanic,113
2009,Septicemia,F,Not Stated/Unknown,
2007,Septicemia,F,Hispanic,49
2014,Septicemia,M,Not Stated/Unknown,8
2007,Septicemia,F,Black Non-Hispanic,89
2014,Septicemia,F,White Non-Hispanic,118
2011,Tuberculosis,F,Not Stated/Unknown,
2010,Viral Hepatitis,M,Not Stated/Unknown,
2013,Viral Hepatitis,F,Asian and Pacific Islander,15
2008,Viral Hepatitis,M,Not Stated/Unknown,6
2010,Viral Hepatitis,F,Not Stated/Unknown,
2011,Viral Hepatitis,M,Not Stated/Unknown,