Accidents Except Drug Posioning,F,Asian and Pacific Islander,35
Accidents Except Drug Posioning,F,Asian and Pacific Islander,37
Accidents Except Drug Posioning,F,Not Stated/Unknown,
Accidents Except Drug Posioning,M,Not Stated/Unknown,11
Accidents Except Drug Posioning,F,Hispanic,60
Accidents Except Drug Posioning,F,Other Race/ Ethnicity,
Accidents Except Drug Posioning,F,Hispanic,58
Accidents Except Drug Posioning,M,Asian and Pacific Islander,63
Accidents Except Drug Posioning,M,White Non-Hispanic,271
Accidents Except Drug Posioning,M,Other Race/ Ethnicity,5
Accidents Except Drug Posioning,M,White Non-Hispanic,258
Accidents Except Drug Posioning,M,Asian and Pacific Islander,54
Accidents Except Drug Posioning,M,Other Race/ Ethnicity,12
Accidents Except Drug Posioning,M,Asian and Pacific Islander,61
Accidents Except Drug Posioning,F,White Non-Hispanic,193
Accidents Except Drug Posioning,M,Not Stated/Unknown,
Accidents Except Drug Posioning,F,Not Stated/Unknown,
Accidents Except Drug Posioning,F,Asian and Pacific Islander,32
Accidents Except Drug Posioning,F,Hispanic,68
Accidents Except Drug Posioning,F,Other Race/ Ethnicity,6
Accidents Except Drug Posioning,F,Other Race/ Ethnicity,
Accidents Except Drug Posioning,M,Black Non-Hispanic,158
Accidents Except Drug Posioning,F,Hispanic,56
Accidents Except Drug Posioning,M,Asian and Pacific Islander,53
Accidents Except Drug Posioning,M,Hispanic,170
Accidents Except Drug Posioning,F,White Non-Hispanic,178
Accidents Except Drug Posioning,F,Asian and Pacific Islander,43
Accidents Except Drug Posioning,M,Hispanic,191
Accidents Except Drug Posioning,M,Hispanic,132
Accidents Except Drug Posioning,F,Black Non-Hispanic,70
Accidents Except Drug Posioning,M,Not Stated/Unknown,13
Accidents Except Drug Posioning,M,Other Race/ Ethnicity,
Accidents Except Drug Posioning,M,White Non-Hispanic,279
Accidents Except Drug Posioning,M,Hispanic,186
Accidents Except Drug Posioning,M,Black Non-Hispanic,152
Accidents Except Drug Posioning,M,White Non-Hispanic,271
Accidents Except Drug Posioning,M,Other Race/ Ethnicity,5
Accidents Except Drug Posioning,M,White Non-Hispanic,297
Accidents Except Drug Posioning,M,Hispanic,176
Accidents Except Drug Posioning,M,White Non-Hispanic,272
Accidents Except Drug Posioning,F,Asian and Pacific Islander,36
Accidents Except Drug Posioning,M,Asian and Pacific Islander,55
Accidents Except Drug Posioning,F,White Non-Hispanic,166
Accidents Except Drug Posioning,M,Not Stated/Unknown,8
Accidents Except Drug Posioning,M,Other Race/ Ethnicity,5
Accidents Except Drug Posioning,M,Black Non-Hispanic,148
Accidents Except Drug Posioning,M,Black Non-Hispanic,146
Accidents Except Drug Posioning,F,Hispanic,60
Accidents Except Drug Posioning,M,Other Race/ Ethnicity,10
Accidents Except Drug Posioning,F,Asian and Pacific Islander,42
Accidents Except Drug Posioning,M,Other Race/ Ethnicity,
Accidents Except Drug Posioning,M,Hispanic,154
Accidents Except Drug Posioning,F,Other Race/ Ethnicity,
Accidents Except Drug Posioning,F,White Non-Hispanic,177
Accidents Except Drug Posioning,M,Asian and Pacific Islander,56
Accidents Except Drug Posioning,M,Hispanic,180
Accidents Except Drug Posioning,M,Not Stated/Unknown,10
Accidents Except Drug Posioning,F,Black Non-Hispanic,87
Accidents Except Drug Posioning,F,White Non-Hispanic,163
Accidents Except Drug Posioning,M,Asian and Pacific Islander,53
Accidents Except Drug Posioning,M,Hispanic,189
Accidents Except Drug Posioning,F,Other Race/ Ethnicity,
Accidents Except Drug Posioning,F,Hispanic,64
Accidents Except Drug Posioning,F,Not Stated/Unknown,
Accidents Except Drug Posioning,F,Other Race/ Ethnicity,
Accidents Except Drug Posioning,F,Hispanic,71
Accidents Except Drug Posioning,F,Asian and Pacific Islander,34
Accidents Except Drug Posioning,F,White Non-Hispanic,169
Accidents Except Drug Posioning,M,White Non-Hispanic,286
Accidents Except Drug Posioning,F,White Non-Hispanic,162
Accidents Except Drug Posioning,M,Not Stated/Unknown,16
Accidents Except Drug Posioning,M,Black Non-Hispanic,134
Accidents Except Drug Posioning,F,Not Stated/Unknown,
Accidents Except Drug Posioning,M,White Non-Hispanic,272
Accidents Except Drug Posioning,M,Other Race/ Ethnicity,5
Accidents Except Drug Posioning,M,Black Non-Hispanic,159
Accidents Except Drug Posioning,F,White Non-Hispanic,184
Accidents Except Drug Posioning,M,Asian and Pacific Islander,68
Accidents Except Drug Posioning,M,Black Non-Hispanic,147
Accidents Except Drug Posioning,F,Asian and Pacific Islander,25
All Other Causes,F,Not Stated/Unknown,53
All Other Causes,M,White Non-Hispanic,2034
All Other Causes,M,Black Non-Hispanic,1375
All Other Causes,M,Hispanic,1167
All Other Causes,M,White Non-Hispanic,1749
All Other Causes,F,Hispanic,1007
All Other Causes,M,Asian and Pacific Islander,308
All Other Causes,M,Black Non-Hispanic,1320
All Other Causes,M,Black Non-Hispanic,1216
All Other Causes,F,Not Stated/Unknown,79
All Other Causes,M,White Non-Hispanic,1818
All Other Causes,F,Hispanic,1082
All Other Causes,F,White Non-Hispanic,2578
All Other Causes,F,Hispanic,820
All Other Causes,F,Asian and Pacific Islander,327
All Other Causes,M,Other Race/ Ethnicity,74
All Other Causes,M,Hispanic,1199
All Other Causes,M,Hispanic,988
All Other Causes,F,Asian and Pacific Islander,214
All Other Causes,M,Asian and Pacific Islander,221
All Other Causes,M,Hispanic,1067
All Other Causes,F,Hispanic,775
All Other Causes,F,Black Non-Hispanic,1230
All Other Causes,M,Asian and Pacific Islander,395
All Other Causes,F,Asian and Pacific Islander,278
All Other Causes,F,Other Race/ Ethnicity,22
All Other Causes,F,Other Race/ Ethnicity,59
All Other Causes,M,Other Race/ Ethnicity,8
All Other Causes,M,Asian and Pacific Islander,340
All Other Causes,F,Black Non-Hispanic,1326
All Other Causes,F,Hispanic,1109
All Other Causes,F,White Non-Hispanic,1680
All Other Causes,M,Hispanic,1207
All Other Causes,M,Asian and Pacific Islander,238
All Other Causes,M,Not Stated/Unknown,96
All Other Causes,M,White Non-Hispanic,2275
All Other Causes,M,Not Stated/Unknown,38
All Other Causes,M,Other Race/ Ethnicity,42
All Other Causes,M,Asian and Pacific Islander,220
All Other Causes,F,Black Non-Hispanic,1268
All Other Causes,M,Other Race/ Ethnicity,24
All Other Causes,F,Not Stated/Unknown,26
All Other Causes,M,Other Race/ Ethnicity,18
All Other Causes,F,White Non-Hispanic,2595
All Other Causes,F,White Non-Hispanic,1706
All Other Causes,M,Not Stated/Unknown,55
All Other Causes,F,Hispanic,885
All Other Causes,M,Black Non-Hispanic,1163
All Other Causes,F,Black Non-Hispanic,1557
All Other Causes,F,Asian and Pacific Islander,182
All Other Causes,F,Not Stated/Unknown,18
All Other Causes,F,Black Non-Hispanic,1536
All Other Causes,F,Other Race/ Ethnicity,19
All Other Causes,F,Not Stated/Unknown,27
All Other Causes,F,Other Race/ Ethnicity,27
All Other Causes,M,Asian and Pacific Islander,333
All Other Causes,M,Not Stated/Unknown,78
All Other Causes,F,Asian and Pacific Islander,238
All Other Causes,F,Other Race/ Ethnicity,39
All Other Causes,F,White Non-Hispanic,2445
All Other Causes,F,Hispanic,1025
All Other Causes,M,White Non-Hispanic,2165
All Other Causes,M,Hispanic,1195
All Other Causes,M,Black Non-Hispanic,1341
All Other Causes,F,Not Stated/Unknown,42
All Other Causes,F,White Non-Hispanic,2140
All Other Causes,M,Not Stated/Unknown,43
All Other Causes,M,White Non-Hispanic,2316
All Other Causes,M,Black Non-Hispanic,1246
All Other Causes,F,White Non-Hispanic,1684
All Other Causes,F,Other Race/ Ethnicity,11
All Other Causes,F,Black Non-Hispanic,1473
All Other Causes,M,Black Non-Hispanic,1337
All Other Causes,F,Asian and Pacific Islander,320
All Other Causes,M,Black Non-Hispanic,1230
All Other Causes,F,White Non-Hispanic,2444
All Other Causes,F,Other Race/ Ethnicity,15
All Other Causes,M,Asian and Pacific Islander,424
All Other Causes,M,Other Race/ Ethnicity,25
All Other Causes,F,Black Non-Hispanic,1305
All Other Causes,M,Not Stated/Unknown,67
All Other Causes,M,Other Race/ Ethnicity,24
All Other Causes,M,Other Race/ Ethnicity,27
All Other Causes,M,Hispanic,1069
All Other Causes,F,Other Race/ Ethnicity,38
All Other Causes,M,Not Stated/Unknown,32
All Other Causes,F,Black Non-Hispanic,1483
All Other Causes,F,Hispanic,1135
All Other Causes,F,Not Stated/Unknown,48
All Other Causes,M,Hispanic,1193
All Other Causes,M,Not Stated/Unknown,139
All Other Causes,F,Not Stated/Unknown,14
All Other Causes,F,Asian and Pacific Islander,220
All Other Causes,F,Asian and Pacific Islander,339
All Other Causes,M,White Non-Hispanic,1824
All Other Causes,M,White Non-Hispanic,2293
Alzheimer's Disease,F,White Non-Hispanic,231
Alzheimer's Disease,F,Other Race/ Ethnicity,
Alzheimer's Disease,M,Other Race/ Ethnicity,
Alzheimer's Disease,F,White Non-Hispanic,107
Alzheimer's Disease,F,Other Race/ Ethnicity,
Alzheimer's Disease,F,Black Non-Hispanic,115
Alzheimer's Disease,F,Asian and Pacific Islander,14
Alzheimer's Disease,F,Asian and Pacific Islander,26
Alzheimer's Disease,F,Not Stated/Unknown,
Alzheimer's Disease,F,Hispanic,71
Alzheimer's Disease,F,Not Stated/Unknown,8
Alzheimer's Disease,F,Hispanic,90
Alzheimer's Disease,F,White Non-Hispanic,263
Alzheimer's Disease,F,Hispanic,142
Alzheimer's Disease,F,Not Stated/Unknown,
Alzheimer's Disease,F,White Non-Hispanic,222
Alzheimer's Disease,F,Black Non-Hispanic,123
Alzheimer's Disease,F,Black Non-Hispanic,90
Alzheimer's Disease,F,Asian and Pacific Islander,24
Alzheimer's Disease,F,Black Non-Hispanic,79
Alzheimer's Disease,F,Not Stated/Unknown,
Alzheimer's Disease,F,White Non-Hispanic,151
Alzheimer's Disease,F,Hispanic,56
Alzheimer's Disease,F,Black Non-Hispanic,106
Alzheimer's Disease,F,Hispanic,120
Alzheimer's Disease,F,White Non-Hispanic,247
Alzheimer's Disease,F,White Non-Hispanic,276
Alzheimer's Disease,F,White Non-Hispanic,205
Alzheimer's Disease,F,Other Race/ Ethnicity,
Alzheimer's Disease,F,Hispanic,126
Alzheimer's Disease,F,Not Stated/Unknown,
Alzheimer's Disease,F,Black Non-Hispanic,88
Aortic Aneurysm and Dissection,F,Other Race/ Ethnicity,
Aortic Aneurysm and Dissection,M,Other Race/ Ethnicity,
Aortic Aneurysm and Dissection,F,Not Stated/Unknown,
Assault (Homicide),M,Hispanic,114
Assault (Homicide),M,Other Race/ Ethnicity,5
Assault (Homicide),F,Other Race/ Ethnicity,
Assault (Homicide),M,Black Non-Hispanic,255
Assault (Homicide),M,Black Non-Hispanic,299
Assault (Homicide),F,Other Race/ Ethnicity,
Assault (Homicide),F,Not Stated/Unknown,
Assault (Homicide),M,Not Stated/Unknown,7
Assault (Homicide),M,Other Race/ Ethnicity,
Assault (Homicide),M,Black Non-Hispanic,286
Assault (Homicide),M,Not Stated/Unknown,8
Assault (Homicide),M,Black Non-Hispanic,235
Assault (Homicide),M,Other Race/ Ethnicity,
Assault (Homicide),M,Black Non-Hispanic,174
Assault (Homicide),M,Other Race/ Ethnicity,
Assault (Homicide),M,Black Non-Hispanic,186
Assault (Homicide),M,Black Non-Hispanic,266
Assault (Homicide),M,Other Race/ Ethnicity,
Assault (Homicide),M,Black Non-Hispanic,267
Assault (Homicide),M,Not Stated/Unknown,
Atherosclerosis,F,Other Race/ Ethnicity,
Atherosclerosis,F,Not Stated/Unknown,
Atherosclerosis,F,Other Race/ Ethnicity,
Cerebrovascular Disease (Stroke),M,Black Non-Hispanic,213
Cerebrovascular Disease (Stroke),F,Not Stated/Unknown,5
Cerebrovascular Disease (Stroke),F,Hispanic,152
Cerebrovascular Disease (Stroke),M,Asian and Pacific Islander,56
Cerebrovascular Disease (Stroke),M,Asian and Pacific Islander,48
Cerebrovascular Disease (Stroke),M,White Non-Hispanic,290
Cerebrovascular Disease (Stroke),M,Asian and Pacific Islander,70
Cerebrovascular Disease (Stroke),F,Hispanic,222
Cerebrovascular Disease (Stroke),F,Asian and Pacific Islander,89
Cerebrovascular Disease (Stroke),F,White Non-Hispanic,372
Cerebrovascular Disease (Stroke),F,Other Race/ Ethnicity,5
Cerebrovascular Disease (Stroke),M,Asian and Pacific Islander,58
Cerebrovascular Disease (Stroke),F,Black Non-Hispanic,267
Cerebrovascular Disease (Stroke),M,Black Non-Hispanic,154
Cerebrovascular Disease (Stroke),F,Other Race/ Ethnicity,
Cerebrovascular Disease (Stroke),F,Hispanic,168
Cerebrovascular Disease (Stroke),F,Other Race/ Ethnicity,7
Cerebrovascular Disease (Stroke),F,Hispanic,164
Cerebrovascular Disease (Stroke),M,Hispanic,158
Cerebrovascular Disease (Stroke),M,Hispanic,165
Cerebrovascular Disease (Stroke),M,Other Race/ Ethnicity,7
Cerebrovascular Disease (Stroke),F,Asian and Pacific Islander,70
Cerebrovascular Disease (Stroke),F,Asian and Pacific Islander,102
Cerebrovascular Disease (Stroke),M,White Non-Hispanic,227
Cerebrovascular Disease (Stroke),F,White Non-Hispanic,418
Cerebrovascular Disease (Stroke),F,Not Stated/Unknown,10
Cerebrovascular Disease (Stroke),F,Not Stated/Unknown,14
Cerebrovascular Disease (Stroke),M,Black Non-Hispanic,191
Cerebrovascular Disease (Stroke),M,Black Non-Hispanic,171
Cerebrovascular Disease (Stroke),M,Asian and Pacific Islander,91
Cerebrovascular Disease (Stroke),M,Black Non-Hispanic,197
Cerebrovascular Disease (Stroke),F,Hispanic,179
Cerebrovascular Disease (Stroke),M,Asian and Pacific Islander,79
Cerebrovascular Disease (Stroke),F,Asian and Pacific Islander,80
Cerebrovascular Disease (Stroke),M,Not Stated/Unknown,8
Cerebrovascular Disease (Stroke),F,White Non-Hispanic,427
Cerebrovascular Disease (Stroke),M,White Non-Hispanic,249
Cerebrovascular Disease (Stroke),M,Black Non-Hispanic,206
Cerebrovascular Disease (Stroke),F,Black Non-Hispanic,271
Cerebrovascular Disease (Stroke),M,Other Race/ Ethnicity,10
Cerebrovascular Disease (Stroke),M,Black Non-Hispanic,170
Cerebrovascular Disease (Stroke),F,Not Stated/Unknown,
Cerebrovascular Disease (Stroke),M,White Non-Hispanic,285
Cerebrovascular Disease (Stroke),F,Black Non-Hispanic,259
Cerebrovascular Disease (Stroke),F,Hispanic,169
Cerebrovascular Disease (Stroke),M,Hispanic,147
Cerebrovascular Disease (Stroke),F,Asian and Pacific Islander,98
Cerebrovascular Disease (Stroke),M,Asian and Pacific Islander,71
Cerebrovascular Disease (Stroke),F,Black Non-Hispanic,281
Cerebrovascular Disease (Stroke),F,White Non-Hispanic,382
Cerebrovascular Disease (Stroke),M,White Non-Hispanic,276
Cerebrovascular Disease (Stroke),F,Other Race/ Ethnicity,8
Cerebrovascular Disease (Stroke),F,Black Non-Hispanic,271
Cerebrovascular Disease (Stroke),M,Hispanic,124
Cerebrovascular Disease (Stroke),F,Hispanic,220
Cerebrovascular Disease (Stroke),M,Asian and Pacific Islander,83
Cerebrovascular Disease (Stroke),M,Hispanic,143
Cerebrovascular Disease (Stroke),M,White Non-Hispanic,267
Cerebrovascular Disease (Stroke),M,White Non-Hispanic,277
Cerebrovascular Disease (Stroke),M,White Non-Hispanic,245
Cerebrovascular Disease (Stroke),F,White Non-Hispanic,416
Cerebrovascular Disease (Stroke),F,Asian and Pacific Islander,61
Cerebrovascular Disease (Stroke),F,Not Stated/Unknown,
Cerebrovascular Disease (Stroke),F,Asian and Pacific Islander,112
Cerebrovascular Disease (Stroke),F,Hispanic,154
Cerebrovascular Disease (Stroke),F,Other Race/ Ethnicity,
Cerebrovascular Disease (Stroke),M,Other Race/ Ethnicity,7
Cerebrovascular Disease (Stroke),M,Other Race/ Ethnicity,
Cerebrovascular Disease (Stroke),F,Black Non-Hispanic,245
Cerebrovascular Disease (Stroke),F,Other Race/ Ethnicity,
Cerebrovascular Disease (Stroke),F,Not Stated/Unknown,
Cerebrovascular Disease (Stroke),M,Hispanic,126
Cerebrovascular Disease (Stroke),F,Not Stated/Unknown,13
Cerebrovascular Disease (Stroke),F,Not Stated/Unknown,9
Cerebrovascular Disease (Stroke),F,Black Non-Hispanic,279
Cerebrovascular Disease (Stroke),M,Hispanic,129
Cerebrovascular Disease (Stroke),F,Other Race/ Ethnicity,8
Cerebrovascular Disease (Stroke),F,White Non-Hispanic,390
Cerebrovascular Disease (Stroke),M,Black Non-Hispanic,200
Cerebrovascular Disease (Stroke),M,Hispanic,140
Cerebrovascular Disease (Stroke),M,Not Stated/Unknown,
Cerebrovascular Disease (Stroke),M,Other Race/ Ethnicity,5
Cerebrovascular Disease (Stroke),F,Black Non-Hispanic,274
Cerebrovascular Disease (Stroke),M,Not Stated/Unknown,10
Cerebrovascular Disease (Stroke),M,Other Race/ Ethnicity,
Cerebrovascular Disease (Stroke),F,Other Race/ Ethnicity,
Cerebrovascular Disease (Stroke),F,Asian and Pacific Islander,65
Cerebrovascular Disease (Stroke),M,Other Race/ Ethnicity,7
Cerebrovascular Disease (Stroke),F,White Non-Hispanic,379
Cerebrovascular Disease (Stroke),F,White Non-Hispanic,466
Certain Conditions originating in the Perinatal Period,M,Other Race/ Ethnicity,
Certain Conditions originating in the Perinatal Period,F,Other Race/ Ethnicity,
Certain Conditions originating in the Perinatal Period,M,Not Stated/Unknown,25
Certain Conditions originating in the Perinatal Period,M,Other Race/ Ethnicity,
Certain Conditions originating in the Perinatal Period,M,Not Stated/Unknown,8
Certain Conditions originating in the Perinatal Period,M,Asian and Pacific Islander,19
Certain Conditions originating in the Perinatal Period,M,Other Race/ Ethnicity,
Certain Conditions originating in the Perinatal Period,M,Not Stated/Unknown,25
Certain Conditions originating in the Perinatal Period,F,Not Stated/Unknown,5
Certain Conditions originating in the Perinatal Period,F,Not Stated/Unknown,10
Certain Conditions originating in the Perinatal Period,M,Not Stated/Unknown,6
Certain Conditions originating in the Perinatal Period,M,Other Race/ Ethnicity,8
Certain Conditions originating in the Perinatal Period,M,Not Stated/Unknown,10
Certain Conditions originating in the Perinatal Period,F,Other Race/ Ethnicity,
Certain Conditions originating in the Perinatal Period,F,Not Stated/Unknown,6
Certain Conditions originating in the Perinatal Period,F,Not Stated/Unknown,
Certain Conditions originating in the Perinatal Period,M,Not Stated/Unknown,6
Certain Conditions originating in the Perinatal Period,F,Other Race/ Ethnicity,
Certain Conditions originating in the Perinatal Period,F,Not Stated/Unknown,11
Certain Conditions originating in the Perinatal Period,M,Other Race/ Ethnicity,
Certain Conditions originating in the Perinatal Period,F,Not Stated/Unknown,14
Certain Conditions originating in the Perinatal Period,F,Other Race/ Ethnicity,
Certain Conditions originating in the Perinatal Period,M,Not Stated/Unknown,17
Certain Conditions originating in the Perinatal Period,F,Not Stated/Unknown,
Certain Conditions originating in the Perinatal Period,F,Not Stated/Unknown,9
Certain Conditions originating in the Perinatal Period,F,Asian and Pacific Islander,18
Chronic Liver Disease and Cirrhosis,M,Hispanic,167
Chronic Liver Disease and Cirrhosis,M,Asian and Pacific Islander,18
Chronic Liver Disease and Cirrhosis,M,Not Stated/Unknown,10
Chronic Liver Disease and Cirrhosis,M,Asian and Pacific Islander,29
Chronic Liver Disease and Cirrhosis,F,Hispanic,54
Chronic Liver Disease and Cirrhosis,M,Asian and Pacific Islander,31
Chronic Liver Disease and Cirrhosis,M,Hispanic,149
Chronic Liver Disease and Cirrhosis,F,Not Stated/Unknown,
Chronic Liver Disease and Cirrhosis,F,Other Race/ Ethnicity,
Chronic Liver Disease and Cirrhosis,M,Other Race/ Ethnicity,
Chronic Liver Disease and Cirrhosis,M,Hispanic,143
Chronic Liver Disease and Cirrhosis,F,Not Stated/Unknown,
Chronic Liver Disease and Cirrhosis,M,Hispanic,150
Chronic Liver Disease and Cirrhosis,F,Hispanic,63
Chronic Liver Disease and Cirrhosis,M,Other Race/ Ethnicity,5
Chronic Liver Disease and Cirrhosis,M,Other Race/ Ethnicity,
Chronic Liver Disease and Cirrhosis,M,Hispanic,119
Chronic Liver Disease and Cirrhosis,M,Not Stated/Unknown,16
Chronic Liver Disease and Cirrhosis,F,Not Stated/Unknown,
Chronic Liver Disease and Cirrhosis,M,Hispanic,149
Chronic Liver Disease and Cirrhosis,F,Not Stated/Unknown,
Chronic Liver Disease and Cirrhosis,F,Hispanic,66
Chronic Liver Disease and Cirrhosis,M,Asian and Pacific Islander,18
Chronic Liver Disease and Cirrhosis,M,Asian and Pacific Islander,17
Chronic Liver Disease and Cirrhosis,M,Other Race/ Ethnicity,
Chronic Liver Disease and Cirrhosis,M,Asian and Pacific Islander,20
Chronic Liver Disease and Cirrhosis,M,Other Race/ Ethnicity,10
Chronic Liver Disease and Cirrhosis,M,Hispanic,164
Chronic Liver Disease and Cirrhosis,M,Hispanic,107
Chronic Lower Respiratory Diseases,F,White Non-Hispanic,501
Chronic Lower Respiratory Diseases,F,Asian and Pacific Islander,30
Chronic Lower Respiratory Diseases,M,Asian and Pacific Islander,95
Chronic Lower Respiratory Diseases,M,Not Stated/Unknown,12
Chronic Lower Respiratory Diseases,M,Hispanic,111
Chronic Lower Respiratory Diseases,M,Other Race/ Ethnicity,
Chronic Lower Respiratory Diseases,F,Black Non-Hispanic,220
Chronic Lower Respiratory Diseases,F,Asian and Pacific Islander,30
Chronic Lower Respiratory Diseases,F,White Non-Hispanic,458
Chronic Lower Respiratory Diseases,M,Black Non-Hispanic,137
Chronic Lower Respiratory Diseases,F,White Non-Hispanic,521
Chronic Lower Respiratory Diseases,M,Other Race/ Ethnicity,
Chronic Lower Respiratory Diseases,M,Asian and Pacific Islander,43
Chronic Lower Respiratory Diseases,M,White Non-Hispanic,347
Chronic Lower Respiratory Diseases,F,Not Stated/Unknown,5
Chronic Lower Respiratory Diseases,M,Hispanic,132
Chronic Lower Respiratory Diseases,F,Black Non-Hispanic,204
Chronic Lower Respiratory Diseases,M,White Non-Hispanic,371
Chronic Lower Respiratory Diseases,F,Black Non-Hispanic,206
Chronic Lower Respiratory Diseases,M,White Non-Hispanic,399
Chronic Lower Respiratory Diseases,F,Asian and Pacific Islander,39
Chronic Lower Respiratory Diseases,F,Not Stated/Unknown,12
Chronic Lower Respiratory Diseases,F,White Non-Hispanic,472
Chronic Lower Respiratory Diseases,F,Black Non-Hispanic,221
Chronic Lower Respiratory Diseases,F,Black Non-Hispanic,191
Chronic Lower Respiratory Diseases,F,Asian and Pacific Islander,27
Chronic Lower Respiratory Diseases,F,White Non-Hispanic,518
Chronic Lower Respiratory Diseases,M,Black Non-Hispanic,169
Chronic Lower Respiratory Diseases,F,Other Race/ Ethnicity,
Chronic Lower Respiratory Diseases,M,Other Race/ Ethnicity,
Chronic Lower Respiratory Diseases,M,Not Stated/Unknown,
Chronic Lower Respiratory Diseases,M,Not Stated/Unknown,15
Chronic Lower Respiratory Diseases,M,Hispanic,145
Chronic Lower Respiratory Diseases,M,Black Non-Hispanic,147
Chronic Lower Respiratory Diseases,F,White Non-Hispanic,515
Chronic Lower Respiratory Diseases,M,Not Stated/Unknown,14
Chronic Lower Respiratory Diseases,F,Not Stated/Unknown,6
Chronic Lower Respiratory Diseases,M,White Non-Hispanic,388
Chronic Lower Respiratory Diseases,F,Hispanic,155
Chronic Lower Respiratory Diseases,M,Black Non-Hispanic,202
Chronic Lower Respiratory Diseases,M,Black Non-Hispanic,200
Chronic Lower Respiratory Diseases,F,Not Stated/Unknown,6
Chronic Lower Respiratory Diseases,F,White Non-Hispanic,507
Chronic Lower Respiratory Diseases,M,Asian and Pacific Islander,73
Chronic Lower Respiratory Diseases,M,Not Stated/Unknown,
Chronic Lower Respiratory Diseases,M,White Non-Hispanic,345
Chronic Lower Respiratory Diseases,F,Not Stated/Unknown,
Chronic Lower Respiratory Diseases,M,Hispanic,142
Chronic Lower Respiratory Diseases,M,Asian and Pacific Islander,46
Chronic Lower Respiratory Diseases,F,Hispanic,168
Chronic Lower Respiratory Diseases,F,Other Race/ Ethnicity,
Chronic Lower Respiratory Diseases,M,Asian and Pacific Islander,51
Chronic Lower Respiratory Diseases,F,Hispanic,158
Chronic Lower Respiratory Diseases,M,Not Stated/Unknown,11
Chronic Lower Respiratory Diseases,M,White Non-Hispanic,444
Chronic Lower Respiratory Diseases,F,Other Race/ Ethnicity,6
Chronic Lower Respiratory Diseases,F,Not Stated/Unknown,8
Chronic Lower Respiratory Diseases,M,Black Non-Hispanic,184
Chronic Lower Respiratory Diseases,M,Asian and Pacific Islander,55
Chronic Lower Respiratory Diseases,F,Hispanic,193
Chronic Lower Respiratory Diseases,F,Black Non-Hispanic,258
Chronic Lower Respiratory Diseases,F,White Non-Hispanic,510
Chronic Lower Respiratory Diseases,M,Hispanic,123
Chronic Lower Respiratory Diseases,F,Not Stated/Unknown,7
Chronic Lower Respiratory Diseases,M,Asian and Pacific Islander,72
Chronic Lower Respiratory Diseases,M,Asian and Pacific Islander,61
Chronic Lower Respiratory Diseases,M,Other Race/ Ethnicity,5
Chronic Lower Respiratory Diseases,F,Asian and Pacific Islander,29
Chronic Lower Respiratory Diseases,F,Other Race/ Ethnicity,
Chronic Lower Respiratory Diseases,F,Hispanic,156
Chronic Lower Respiratory Diseases,F,Hispanic,156
Chronic Lower Respiratory Diseases,M,Not Stated/Unknown,10
Chronic Lower Respiratory Diseases,M,Hispanic,132
Chronic Lower Respiratory Diseases,F,Hispanic,116
Chronic Lower Respiratory Diseases,F,Asian and Pacific Islander,28
Chronic Lower Respiratory Diseases,F,Asian and Pacific Islander,36
Chronic Lower Respiratory Diseases,F,Asian and Pacific Islander,30
Chronic Lower Respiratory Diseases,M,White Non-Hispanic,437
Chronic Lower Respiratory Diseases,M,Black Non-Hispanic,186
Chronic Lower Respiratory Diseases,F,Hispanic,156
Chronic Lower Respiratory Diseases,M,Black Non-Hispanic,184
Chronic Lower Respiratory Diseases,F,Black Non-Hispanic,163
Chronic Lower Respiratory Diseases,F,Black Non-Hispanic,188
Chronic Lower Respiratory Diseases,F,Other Race/ Ethnicity,
Chronic Lower Respiratory Diseases,M,White Non-Hispanic,352
Chronic Lower Respiratory Diseases,F,Not Stated/Unknown,9
Chronic Lower Respiratory Diseases,M,Not Stated/Unknown,6
Chronic Lower Respiratory Diseases,M,Hispanic,149
"Congenital Malformations, Deformations, and Chromosomal Abnormalities",F,Not Stated/Unknown,8
"Congenital Malformations, Deformations, and Chromosomal Abnormalities",M,Not Stated/Unknown,
"Congenital Malformations, Deformations, and Chromosomal Abnormalities",M,Asian and Pacific Islander,14
"Congenital Malformations, Deformations, and Chromosomal Abnormalities",F,Other Race/ Ethnicity,
"Congenital Malformations, Deformations, and Chromosomal Abnormalities",F,Other Race/ Ethnicity,
"Congenital Malformations, Deformations, and Chromosomal Abnormalities",F,Other Race/ Ethnicity,
"Congenital Malformations, Deformations, and Chromosomal Abnormalities",F,Other Race/ Ethnicity,
"Congenital Malformations, Deformations, and Chromosomal Abnormalities",F,Not Stated/Unknown,
Diabetes Mellitus,M,Other Race/ Ethnicity,11
Diabetes Mellitus,F,White Non-Hispanic,253
Diabetes Mellitus,M,Asian and Pacific Islander,71
Diabetes Mellitus,M,Not Stated/Unknown,8
Diabetes Mellitus,F,White Non-Hispanic,229
Diabetes Mellitus,F,Other Race/ Ethnicity,7
Diabetes Mellitus,F,Other Race/ Ethnicity,
Diabetes Mellitus,M,Hispanic,177
Diabetes Mellitus,M,White Non-Hispanic,292
Diabetes Mellitus,M,Not Stated/Unknown,9
Diabetes Mellitus,M,Other Race/ Ethnicity,
Diabetes Mellitus,M,Asian and Pacific Islander,60
Diabetes Mellitus,M,Asian and Pacific Islander,48
Diabetes Mellitus,M,Other Race/ Ethnicity,8
Diabetes Mellitus,F,White Non-Hispanic,231
Diabetes Mellitus,F,Hispanic,221
Diabetes Mellitus,F,White Non-Hispanic,238
Diabetes Mellitus,M,White Non-Hispanic,265
Diabetes Mellitus,M,White Non-Hispanic,246
Diabetes Mellitus,M,Black Non-Hispanic,279
Diabetes Mellitus,F,Asian and Pacific Islander,55
Diabetes Mellitus,F,White Non-Hispanic,258
Diabetes Mellitus,F,Other Race/ Ethnicity,9
Diabetes Mellitus,M,Black Non-Hispanic,265
Diabetes Mellitus,M,Not Stated/Unknown,7
Diabetes Mellitus,F,Black Non-Hispanic,410
Diabetes Mellitus,F,Not Stated/Unknown,15
Diabetes Mellitus,M,Black Non-Hispanic,285
Diabetes Mellitus,M,Other Race/ Ethnicity,18
Diabetes Mellitus,F,White Non-Hispanic,228
Diabetes Mellitus,M,Asian and Pacific Islander,52
Diabetes Mellitus,F,Other Race/ Ethnicity,
Diabetes Mellitus,M,Asian and Pacific Islander,64
Diabetes Mellitus,F,Asian and Pacific Islander,34
Diabetes Mellitus,F,Hispanic,215
Diabetes Mellitus,M,Other Race/ Ethnicity,17
Diabetes Mellitus,M,White Non-Hispanic,237
Diabetes Mellitus,M,Black Non-Hispanic,300
Diabetes Mellitus,M,Not Stated/Unknown,7
Diabetes Mellitus,F,Other Race/ Ethnicity,8
Diabetes Mellitus,M,Hispanic,192
Diabetes Mellitus,M,White Non-Hispanic,292
Diabetes Mellitus,F,Black Non-Hispanic,409
Diabetes Mellitus,M,Other Race/ Ethnicity,14
Diabetes Mellitus,M,Hispanic,200
Diabetes Mellitus,M,White Non-Hispanic,290
Diabetes Mellitus,M,Hispanic,191
Diabetes Mellitus,M,Asian and Pacific Islander,96
Diabetes Mellitus,M,Black Non-Hispanic,246
Diabetes Mellitus,M,White Non-Hispanic,245
Diabetes Mellitus,F,Asian and Pacific Islander,51
Diabetes Mellitus,F,Not Stated/Unknown,
Diabetes Mellitus,F,Asian and Pacific Islander,57
Diabetes Mellitus,F,Not Stated/Unknown,15
Diabetes Mellitus,F,Not Stated/Unknown,6
Diabetes Mellitus,F,Black Non-Hispanic,398
Diabetes Mellitus,M,Not Stated/Unknown,19
Diabetes Mellitus,F,Black Non-Hispanic,384
Diabetes Mellitus,M,Hispanic,187
Diabetes Mellitus,F,Not Stated/Unknown,5
Diabetes Mellitus,F,Hispanic,209
Diabetes Mellitus,F,Black Non-Hispanic,384
Diabetes Mellitus,M,Black Non-Hispanic,307
Diabetes Mellitus,M,Other Race/ Ethnicity,
Diabetes Mellitus,F,Other Race/ Ethnicity,10
Diabetes Mellitus,F,Hispanic,205
Diabetes Mellitus,M,Asian and Pacific Islander,76
Diabetes Mellitus,F,Hispanic,200
Diabetes Mellitus,F,White Non-Hispanic,210
Diabetes Mellitus,F,Asian and Pacific Islander,60
Diabetes Mellitus,F,Asian and Pacific Islander,50
Diabetes Mellitus,F,Hispanic,219
Diabetes Mellitus,F,Hispanic,196
Diabetes Mellitus,M,Hispanic,186
Diabetes Mellitus,F,Other Race/ Ethnicity,11
Diabetes Mellitus,F,Hispanic,228
Diabetes Mellitus,M,Other Race/ Ethnicity,5
Diabetes Mellitus,F,Asian and Pacific Islander,51
Diabetes Mellitus,M,Hispanic,194
Diabetes Mellitus,F,White Non-Hispanic,240
Diabetes Mellitus,M,Hispanic,172
Diabetes Mellitus,F,Not Stated/Unknown,12
Diabetes Mellitus,F,Black Non-Hispanic,410
Diabetes Mellitus,F,Other Race/ Ethnicity,
Diabetes Mellitus,F,Black Non-Hispanic,380
Diabetes Mellitus,M,Black Non-Hispanic,308
Diabetes Mellitus,M,Black Non-Hispanic,318
Diabetes Mellitus,F,Not Stated/Unknown,9
Diabetes Mellitus,M,Asian and Pacific Islander,47
Diabetes Mellitus,M,White Non-Hispanic,258
Diabetes Mellitus,F,Asian and Pacific Islander,47
Diabetes Mellitus,F,Black Non-Hispanic,358
Diseases of Heart,F,Not Stated/Unknown,70
Diseases of Heart,F,Hispanic,1349
Diseases of Heart,F,Asian and Pacific Islander,394
Diseases of Heart,F,Not Stated/Unknown,106
Diseases of Heart,M,Not Stated/Unknown,70
Diseases of Heart,F,Not Stated/Unknown,76
Diseases of Heart,M,White Non-Hispanic,4085
Diseases of Heart,F,Asian and Pacific Islander,428
Diseases of Heart,F,Other Race/ Ethnicity,31
Diseases of Heart,F,Asian and Pacific Islander,402
Diseases of Heart,F,White Non-Hispanic,7050
Diseases of Heart,F,Hispanic,1348
Diseases of Heart,M,Not Stated/Unknown,86
Diseases of Heart,F,Black Non-Hispanic,2269
Diseases of Heart,M,Hispanic,1382
Diseases of Heart,M,Hispanic,1327
Diseases of Heart,M,White Non-Hispanic,5168
Diseases of Heart,F,Asian and Pacific Islander,448
Diseases of Heart,M,Asian and Pacific Islander,496
Diseases of Heart,F,Black Non-Hispanic,2722
Diseases of Heart,F,Asian and Pacific Islander,437
Diseases of Heart,F,Other Race/ Ethnicity,40
Diseases of Heart,M,Not Stated/Unknown,99
Diseases of Heart,M,Black Non-Hispanic,2121
Diseases of Heart,M,Other Race/ Ethnicity,42
Diseases of Heart,F,White Non-Hispanic,5351
Diseases of Heart,F,White Non-Hispanic,6836
Diseases of Heart,M,Not Stated/Unknown,115
Diseases of Heart,F,Not Stated/Unknown,95
Diseases of Heart,M,Black Non-Hispanic,2068
Diseases of Heart,F,Other Race/ Ethnicity,41
Diseases of Heart,F,Other Race/ Ethnicity,50
Diseases of Heart,F,Not Stated/Unknown,111
Diseases of Heart,F,Asian and Pacific Islander,462
Diseases of Heart,M,Black Non-Hispanic,2077
Diseases of Heart,M,Black Non-Hispanic,2015
Diseases of Heart,F,Black Non-Hispanic,2282
Diseases of Heart,M,Hispanic,1307
Diseases of Heart,F,Other Race/ Ethnicity,48
Diseases of Heart,F,White Non-Hispanic,4719
Diseases of Heart,F,Not Stated/Unknown,43
Diseases of Heart,F,Other Race/ Ethnicity,68
Diseases of Heart,M,White Non-Hispanic,4156
Diseases of Heart,F,White Non-Hispanic,4507
Diseases of Heart,F,Hispanic,1418
Diseases of Heart,F,Black Non-Hispanic,2725
Diseases of Heart,F,Other Race/ Ethnicity,35
Diseases of Heart,M,Asian and Pacific Islander,452
Diseases of Heart,F,Hispanic,1263
Diseases of Heart,F,Not Stated/Unknown,82
Diseases of Heart,F,Hispanic,1445
Diseases of Heart,F,Black Non-Hispanic,2243
Diseases of Heart,M,Black Non-Hispanic,1840
Diseases of Heart,F,Asian and Pacific Islander,402
Diseases of Heart,M,Other Race/ Ethnicity,38
Diseases of Heart,M,Asian and Pacific Islander,469
Diseases of Heart,M,Other Race/ Ethnicity,63
Diseases of Heart,M,White Non-Hispanic,4220
Diseases of Heart,F,White Non-Hispanic,6297
Diseases of Heart,F,Hispanic,1316
Diseases of Heart,M,Black Non-Hispanic,1868
Diseases of Heart,M,Asian and Pacific Islander,478
Diseases of Heart,M,White Non-Hispanic,5632
Diseases of Heart,M,Other Race/ Ethnicity,36
Diseases of Heart,M,Other Race/ Ethnicity,72
Diseases of Heart,F,Asian and Pacific Islander,456
Diseases of Heart,M,Hispanic,1281
Diseases of Heart,M,White Non-Hispanic,5503
Diseases of Heart,F,Other Race/ Ethnicity,43
Diseases of Heart,M,Not Stated/Unknown,92
Diseases of Heart,M,Hispanic,1201
Diseases of Heart,M,Asian and Pacific Islander,531
Diseases of Heart,M,Hispanic,1251
Diseases of Heart,M,Not Stated/Unknown,62
Diseases of Heart,M,Not Stated/Unknown,151
Diseases of Heart,F,Hispanic,1230
Diseases of Heart,M,Hispanic,1330
Diseases of Heart,M,Asian and Pacific Islander,554
Diseases of Heart,M,Other Race/ Ethnicity,52
Diseases of Heart,F,Black Non-Hispanic,2535
Diseases of Heart,F,White Non-Hispanic,5016
Diseases of Heart,M,Asian and Pacific Islander,554
Diseases of Heart,M,White Non-Hispanic,4495
Diseases of Heart,M,Black Non-Hispanic,1940
Diseases of Heart,F,Black Non-Hispanic,2194
Diseases of Heart,M,Other Race/ Ethnicity,39
Diseases of Heart,F,White Non-Hispanic,4535
Diseases of Heart,F,Hispanic,1261
Diseases of Heart,M,White Non-Hispanic,3990
Diseases of Heart,M,Asian and Pacific Islander,546
Diseases of Heart,M,Black Non-Hispanic,1958
Diseases of Heart,M,Other Race/ Ethnicity,39
Diseases of Heart,F,Black Non-Hispanic,2365
Diseases of Heart,F,Not Stated/Unknown,108
Diseases of Heart,M,Hispanic,1354
Diseases of Heart,M,Not Stated/Unknown,94
Essential Hypertension and Renal Diseases,F,White Non-Hispanic,199
Essential Hypertension and Renal Diseases,F,Hispanic,116
Essential Hypertension and Renal Diseases,M,Black Non-Hispanic,137
Essential Hypertension and Renal Diseases,M,Asian and Pacific Islander,25
Essential Hypertension and Renal Diseases,F,Asian and Pacific Islander,46
Essential Hypertension and Renal Diseases,F,Hispanic,101
Essential Hypertension and Renal Diseases,M,Asian and Pacific Islander,31
Essential Hypertension and Renal Diseases,F,Other Race/ Ethnicity,
Essential Hypertension and Renal Diseases,M,Not Stated/Unknown,15
Essential Hypertension and Renal Diseases,M,Other Race/ Ethnicity,
Essential Hypertension and Renal Diseases,M,White Non-Hispanic,156
Essential Hypertension and Renal Diseases,M,White Non-Hispanic,142
Essential Hypertension and Renal Diseases,F,Asian and Pacific Islander,18
Essential Hypertension and Renal Diseases,M,Black Non-Hispanic,154
Essential Hypertension and Renal Diseases,F,Asian and Pacific Islander,22
Essential Hypertension and Renal Diseases,F,Not Stated/Unknown,5
Essential Hypertension and Renal Diseases,F,Other Race/ Ethnicity,
Essential Hypertension and Renal Diseases,F,Asian and Pacific Islander,39
Essential Hypertension and Renal Diseases,F,Asian and Pacific Islander,32
Essential Hypertension and Renal Diseases,M,Black Non-Hispanic,131
Essential Hypertension and Renal Diseases,M,Asian and Pacific Islander,30
Essential Hypertension and Renal Diseases,F,Not Stated/Unknown,7
Essential Hypertension and Renal Diseases,M,White Non-Hispanic,123
Essential Hypertension and Renal Diseases,F,Other Race/ Ethnicity,8
Essential Hypertension and Renal Diseases,M,Black Non-Hispanic,155
Essential Hypertension and Renal Diseases,M,Other Race/ Ethnicity,5
Essential Hypertension and Renal Diseases,F,White Non-Hispanic,215
Essential Hypertension and Renal Diseases,F,Hispanic,103
Essential Hypertension and Renal Diseases,F,Not Stated/Unknown,
Essential Hypertension and Renal Diseases,F,Not Stated/Unknown,
Essential Hypertension and Renal Diseases,F,Other Race/ Ethnicity,
Essential Hypertension and Renal Diseases,F,Hispanic,95
Essential Hypertension and Renal Diseases,M,Asian and Pacific Islander,39
Essential Hypertension and Renal Diseases,F,Black Non-Hispanic,252
Essential Hypertension and Renal Diseases,F,White Non-Hispanic,180
Essential Hypertension and Renal Diseases,M,White Non-Hispanic,165
Essential Hypertension and Renal Diseases,M,Black Non-Hispanic,143
Essential Hypertension and Renal Diseases,F,Hispanic,83
Essential Hypertension and Renal Diseases,F,White Non-Hispanic,155
Essential Hypertension and Renal Diseases,M,White Non-Hispanic,153
Essential Hypertension and Renal Diseases,F,Not Stated/Unknown,5
Essential Hypertension and Renal Diseases,F,White Non-Hispanic,199
Essential Hypertension and Renal Diseases,F,Asian and Pacific Islander,29
Essential Hypertension and Renal Diseases,M,Asian and Pacific Islander,33
Essential Hypertension and Renal Diseases,M,Other Race/ Ethnicity,
Essential Hypertension and Renal Diseases,F,Black Non-Hispanic,207
Essential Hypertension and Renal Diseases,F,Black Non-Hispanic,227
Essential Hypertension and Renal Diseases,F,Black Non-Hispanic,166
Essential Hypertension and Renal Diseases,F,Hispanic,104
Essential Hypertension and Renal Diseases,F,Not Stated/Unknown,
Essential Hypertension and Renal Diseases,M,White Non-Hispanic,153
Essential Hypertension and Renal Diseases,F,White Non-Hispanic,151
Essential Hypertension and Renal Diseases,F,White Non-Hispanic,206
Essential Hypertension and Renal Diseases,F,Other Race/ Ethnicity,
Essential Hypertension and Renal Diseases,F,Hispanic,78
Essential Hypertension and Renal Diseases,M,Asian and Pacific Islander,26
Essential Hypertension and Renal Diseases,F,Black Non-Hispanic,214
Essential Hypertension and Renal Diseases,M,Asian and Pacific Islander,37
Essential Hypertension and Renal Diseases,F,Other Race/ Ethnicity,
Essential Hypertension and Renal Diseases,M,White Non-Hispanic,148
Essential Hypertension and Renal Diseases,F,Asian and Pacific Islander,50
Essential Hypertension and Renal Diseases,M,Black Non-Hispanic,148
Essential Hypertension and Renal Diseases,F,White Non-Hispanic,219
Essential Hypertension and Renal Diseases,M,Not Stated/Unknown,
Essential Hypertension and Renal Diseases,F,Black Non-Hispanic,240
Essential Hypertension and Renal Diseases,F,Other Race/ Ethnicity,
Essential Hypertension and Renal Diseases,F,Not Stated/Unknown,5
Essential Hypertension and Renal Diseases,M,Not Stated/Unknown,9
Essential Hypertension and Renal Diseases,M,Black Non-Hispanic,178
Essential Hypertension and Renal Diseases,M,Black Non-Hispanic,134
Essential Hypertension and Renal Diseases,F,Black Non-Hispanic,225
Essential Hypertension and Renal Diseases,F,Asian and Pacific Islander,33
Essential Hypertension and Renal Diseases,F,Black Non-Hispanic,192
Essential Hypertension and Renal Diseases,M,White Non-Hispanic,175
Essential Hypertension and Renal Diseases,F,Hispanic,84
Human Immunodeficiency Virus Disease (HIV),M,Hispanic,196
Human Immunodeficiency Virus Disease (HIV),M,Hispanic,122
Human Immunodeficiency Virus Disease (HIV),F,Black Non-Hispanic,107
Human Immunodeficiency Virus Disease (HIV),M,Black Non-Hispanic,223
Human Immunodeficiency Virus Disease (HIV),M,Hispanic,103
Human Immunodeficiency Virus Disease (HIV),F,Not Stated/Unknown,
Human Immunodeficiency Virus Disease (HIV),F,Black Non-Hispanic,102
Human Immunodeficiency Virus Disease (HIV),F,Black Non-Hispanic,227
Human Immunodeficiency Virus Disease (HIV),M,Black Non-Hispanic,356
Human Immunodeficiency Virus Disease (HIV),M,Hispanic,92
Human Immunodeficiency Virus Disease (HIV),F,Black Non-Hispanic,144
Human Immunodeficiency Virus Disease (HIV),F,Hispanic,109
Human Immunodeficiency Virus Disease (HIV),M,Other Race/ Ethnicity,10
Human Immunodeficiency Virus Disease (HIV),F,Black Non-Hispanic,136
Human Immunodeficiency Virus Disease (HIV),M,Not Stated/Unknown,6
Human Immunodeficiency Virus Disease (HIV),F,Not Stated/Unknown,7
Human Immunodeficiency Virus Disease (HIV),M,Hispanic,222
Human Immunodeficiency Virus Disease (HIV),M,Not Stated/Unknown,8
Human Immunodeficiency Virus Disease (HIV),M,Not Stated/Unknown,10
Human Immunodeficiency Virus Disease (HIV),F,Black Non-Hispanic,208
Human Immunodeficiency Virus Disease (HIV),M,Black Non-Hispanic,297
Human Immunodeficiency Virus Disease (HIV),F,Hispanic,70
Human Immunodeficiency Virus Disease (HIV),M,Black Non-Hispanic,204
Human Immunodeficiency Virus Disease (HIV),F,Not Stated/Unknown,5
Human Immunodeficiency Virus Disease (HIV),M,Not Stated/Unknown,9
Human Immunodeficiency Virus Disease (HIV),F,Black Non-Hispanic,152
Human Immunodeficiency Virus Disease (HIV),M,Black Non-Hispanic,329
Human Immunodeficiency Virus Disease (HIV),F,Not Stated/Unknown,
Human Immunodeficiency Virus Disease (HIV),M,Other Race/ Ethnicity,
Human Immunodeficiency Virus Disease (HIV),M,Black Non-Hispanic,377
Human Immunodeficiency Virus Disease (HIV),M,Not Stated/Unknown,8
Human Immunodeficiency Virus Disease (HIV),M,Other Race/ Ethnicity,
Human Immunodeficiency Virus Disease (HIV),F,Hispanic,79
Human Immunodeficiency Virus Disease (HIV),M,Black Non-Hispanic,277
Human Immunodeficiency Virus Disease (HIV),M,Black Non-Hispanic,196
Human Immunodeficiency Virus Disease (HIV),F,Hispanic,113
Human Immunodeficiency Virus Disease (HIV),M,Hispanic,189
Human Immunodeficiency Virus Disease (HIV),M,Not Stated/Unknown,10
Human Immunodeficiency Virus Disease (HIV),M,Hispanic,218
Human Immunodeficiency Virus Disease (HIV),F,Hispanic,96
Human Immunodeficiency Virus Disease (HIV),F,Black Non-Hispanic,248
Human Immunodeficiency Virus Disease (HIV),M,Hispanic,162
Human Immunodeficiency Virus Disease (HIV),M,Not Stated/Unknown,9
Influenza (Flu) and Pneumonia,M,Hispanic,199
Influenza (Flu) and Pneumonia,F,Asian and Pacific Islander,73
Influenza (Flu) and Pneumonia,F,Hispanic,204
Influenza (Flu) and Pneumonia,M,White Non-Hispanic,618
Influenza (Flu) and Pneumonia,M,Asian and Pacific Islander,105
Influenza (Flu) and Pneumonia,M,Other Race/ Ethnicity,
Influenza (Flu) and Pneumonia,F,Asian and Pacific Islander,58
Influenza (Flu) and Pneumonia,M,Asian and Pacific Islander,76
Influenza (Flu) and Pneumonia,F,White Non-Hispanic,629
Influenza (Flu) and Pneumonia,M,Other Race/ Ethnicity,11
Influenza (Flu) and Pneumonia,M,Other Race/ Ethnicity,7
Influenza (Flu) and Pneumonia,M,White Non-Hispanic,529
Influenza (Flu) and Pneumonia,F,Other Race/ Ethnicity,6
Influenza (Flu) and Pneumonia,M,White Non-Hispanic,614
Influenza (Flu) and Pneumonia,M,White Non-Hispanic,646
Influenza (Flu) and Pneumonia,F,White Non-Hispanic,621
Influenza (Flu) and Pneumonia,M,Not Stated/Unknown,
Influenza (Flu) and Pneumonia,F,Other Race/ Ethnicity,6
Influenza (Flu) and Pneumonia,M,Asian and Pacific Islander,66
Influenza (Flu) and Pneumonia,M,Not Stated/Unknown,24
Influenza (Flu) and Pneumonia,M,Black Non-Hispanic,274
Influenza (Flu) and Pneumonia,F,Hispanic,216
Influenza (Flu) and Pneumonia,M,Hispanic,235
Influenza (Flu) and Pneumonia,F,Black Non-Hispanic,266
Influenza (Flu) and Pneumonia,F,Black Non-Hispanic,295
Influenza (Flu) and Pneumonia,M,Other Race/ Ethnicity,8
Influenza (Flu) and Pneumonia,M,Black Non-Hispanic,207
Influenza (Flu) and Pneumonia,M,Hispanic,189
Influenza (Flu) and Pneumonia,M,Hispanic,205
Influenza (Flu) and Pneumonia,F,Other Race/ Ethnicity,6
Influenza (Flu) and Pneumonia,M,Hispanic,183
Influenza (Flu) and Pneumonia,F,White Non-Hispanic,576
Influenza (Flu) and Pneumonia,M,Hispanic,209
Influenza (Flu) and Pneumonia,M,Not Stated/Unknown,11
Influenza (Flu) and Pneumonia,F,Not Stated/Unknown,17
Influenza (Flu) and Pneumonia,M,Not Stated/Unknown,8
Influenza (Flu) and Pneumonia,M,Not Stated/Unknown,13
Influenza (Flu) and Pneumonia,F,Not Stated/Unknown,14
Influenza (Flu) and Pneumonia,M,Asian and Pacific Islander,84
Influenza (Flu) and Pneumonia,M,Black Non-Hispanic,242
Influenza (Flu) and Pneumonia,F,White Non-Hispanic,707
Influenza (Flu) and Pneumonia,M,Asian and Pacific Islander,94
Influenza (Flu) and Pneumonia,F,Black Non-Hispanic,273
Influenza (Flu) and Pneumonia,F,Black Non-Hispanic,275
Influenza (Flu) and Pneumonia,F,White Non-Hispanic,696
Influenza (Flu) and Pneumonia,F,Not Stated/Unknown,
Influenza (Flu) and Pneumonia,F,Other Race/ Ethnicity,9
Influenza (Flu) and Pneumonia,F,White Non-Hispanic,563
Influenza (Flu) and Pneumonia,M,White Non-Hispanic,540
Influenza (Flu) and Pneumonia,F,White Non-Hispanic,659
Influenza (Flu) and Pneumonia,F,Not Stated/Unknown,8
Influenza (Flu) and Pneumonia,F,Other Race/ Ethnicity,5
Influenza (Flu) and Pneumonia,M,White Non-Hispanic,530
Influenza (Flu) and Pneumonia,M,Not Stated/Unknown,14
Influenza (Flu) and Pneumonia,F,Asian and Pacific Islander,74
Influenza (Flu) and Pneumonia,F,Asian and Pacific Islander,78
Influenza (Flu) and Pneumonia,F,Black Non-Hispanic,285
Influenza (Flu) and Pneumonia,F,Black Non-Hispanic,318
Influenza (Flu) and Pneumonia,M,Not Stated/Unknown,14
Influenza (Flu) and Pneumonia,F,Other Race/ Ethnicity,
Influenza (Flu) and Pneumonia,M,Other Race/ Ethnicity,5
Influenza (Flu) and Pneumonia,M,Hispanic,187
Influenza (Flu) and Pneumonia,F,Asian and Pacific Islander,83
Influenza (Flu) and Pneumonia,F,Hispanic,218
Influenza (Flu) and Pneumonia,M,Hispanic,233
Influenza (Flu) and Pneumonia,M,Other Race/ Ethnicity,7
Influenza (Flu) and Pneumonia,M,Black Non-Hispanic,222
Influenza (Flu) and Pneumonia,M,Asian and Pacific Islander,90
Influenza (Flu) and Pneumonia,F,Other Race/ Ethnicity,
Influenza (Flu) and Pneumonia,F,White Non-Hispanic,622
Influenza (Flu) and Pneumonia,F,Black Non-Hispanic,281
Influenza (Flu) and Pneumonia,M,Other Race/ Ethnicity,
Influenza (Flu) and Pneumonia,M,Black Non-Hispanic,201
Influenza (Flu) and Pneumonia,M,Asian and Pacific Islander,102
Influenza (Flu) and Pneumonia,F,Asian and Pacific Islander,74
Influenza (Flu) and Pneumonia,M,White Non-Hispanic,502
Influenza (Flu) and Pneumonia,F,Not Stated/Unknown,
Influenza (Flu) and Pneumonia,F,Not Stated/Unknown,11
Influenza (Flu) and Pneumonia,M,Black Non-Hispanic,242
Influenza (Flu) and Pneumonia,F,Not Stated/Unknown,6
Influenza (Flu) and Pneumonia,F,Black Non-Hispanic,295
Influenza (Flu) and Pneumonia,F,Hispanic,228
Influenza (Flu) and Pneumonia,F,Hispanic,190
Influenza (Flu) and Pneumonia,F,Not Stated/Unknown,18
Influenza (Flu) and Pneumonia,M,Other Race/ Ethnicity,6
Influenza (Flu) and Pneumonia,F,Asian and Pacific Islander,83
Influenza (Flu) and Pneumonia,F,Asian and Pacific Islander,80
Influenza (Flu) and Pneumonia,M,White Non-Hispanic,555
Influenza (Flu) and Pneumonia,M,Black Non-Hispanic,243
Influenza (Flu) and Pneumonia,M,Asian and Pacific Islander,108
Influenza (Flu) and Pneumonia,F,Other Race/ Ethnicity,
Influenza (Flu) and Pneumonia,F,Hispanic,218
Influenza (Flu) and Pneumonia,M,Not Stated/Unknown,11
Influenza (Flu) and Pneumonia,F,Hispanic,227
Influenza (Flu) and Pneumonia,F,Hispanic,209
Influenza (Flu) and Pneumonia,M,Black Non-Hispanic,229
Insitu or Benign / Uncertain Neoplasms,F,Not Stated/Unknown,5
Insitu or Benign / Uncertain Neoplasms,F,Not Stated/Unknown,
Insitu or Benign / Uncertain Neoplasms,F,Not Stated/Unknown,
Insitu or Benign / Uncertain Neoplasms,F,Other Race/ Ethnicity,
Insitu or Benign / Uncertain Neoplasms,F,Other Race/ Ethnicity,
Intentional Self-Harm (Suicide),M,Asian and Pacific Islander,36
Intentional Self-Harm (Suicide),M,Other Race/ Ethnicity,6
Intentional Self-Harm (Suicide),M,Not Stated/Unknown,17
Intentional Self-Harm (Suicide),F,Asian and Pacific Islander,33
Intentional Self-Harm (Suicide),M,Other Race/ Ethnicity,
Intentional Self-Harm (Suicide),M,Other Race/ Ethnicity,
Intentional Self-Harm (Suicide),F,Asian and Pacific Islander,28
Intentional Self-Harm (Suicide),M,White Non-Hispanic,191
Intentional Self-Harm (Suicide),F,Asian and Pacific Islander,17
Intentional Self-Harm (Suicide),M,Not Stated/Unknown,8
Intentional Self-Harm (Suicide),M,Asian and Pacific Islander,35
Intentional Self-Harm (Suicide),M,Asian and Pacific Islander,41
Intentional Self-Harm (Suicide),M,Asian and Pacific Islander,49
Intentional Self-Harm (Suicide),F,Not Stated/Unknown,
Intentional Self-Harm (Suicide),F,Other Race/ Ethnicity,
Intentional Self-Harm (Suicide),M,Asian and Pacific Islander,30
Intentional Self-Harm (Suicide),F,Asian and Pacific Islander,22
Intentional Self-Harm (Suicide),F,Asian and Pacific Islander,26
Intentional Self-Harm (Suicide),M,Not Stated/Unknown,
Intentional Self-Harm (Suicide),M,Other Race/ Ethnicity,
Intentional Self-Harm (Suicide),M,White Non-Hispanic,199
Intentional Self-Harm (Suicide),M,Not Stated/Unknown,5
Intentional Self-Harm (Suicide),M,White Non-Hispanic,195
Intentional Self-Harm (Suicide),M,Asian and Pacific Islander,40
Intentional Self-Harm (Suicide),F,Asian and Pacific Islander,17
Intentional Self-Harm (Suicide),M,Asian and Pacific Islander,50
Intentional Self-Harm (Suicide),M,White Non-Hispanic,204
Intentional Self-Harm (Suicide),M,Asian and Pacific Islander,46
Intentional Self-Harm (Suicide),M,Not Stated/Unknown,
Intentional Self-Harm (Suicide),M,White Non-Hispanic,177
Intentional Self-Harm (Suicide),M,Other Race/ Ethnicity,5
Intentional Self-Harm (Suicide),M,White Non-Hispanic,182
Intentional Self-Harm (Suicide),F,Other Race/ Ethnicity,5
Intentional Self-Harm (Suicide),F,Other Race/ Ethnicity,5
Intentional Self-Harm (Suicide),M,White Non-Hispanic,204
Intentional Self-Harm (Suicide),F,Other Race/ Ethnicity,5
Intentional Self-Harm (Suicide),M,White Non-Hispanic,187
Intentional Self-Harm (Suicide),F,Asian and Pacific Islander,21
Malignant Neoplasms (Cancer),F,Black Non-Hispanic,1852
Malignant Neoplasms (Cancer),M,Asian and Pacific Islander,622
Malignant Neoplasms (Cancer),F,Not Stated/Unknown,36
Malignant Neoplasms (Cancer),M,Not Stated/Unknown,45
Malignant Neoplasms (Cancer),F,White Non-Hispanic,3518
Malignant Neoplasms (Cancer),M,Hispanic,1080
Malignant Neoplasms (Cancer),F,Hispanic,1045
Malignant Neoplasms (Cancer),M,Not Stated/Unknown,47
Malignant Neoplasms (Cancer),M,Other Race/ Ethnicity,32
Malignant Neoplasms (Cancer),F,Black Non-Hispanic,1918
Malignant Neoplasms (Cancer),F,Asian and Pacific Islander,344
Malignant Neoplasms (Cancer),F,Other Race/ Ethnicity,19
Malignant Neoplasms (Cancer),M,Asian and Pacific Islander,473
Malignant Neoplasms (Cancer),M,White Non-Hispanic,3361
Malignant Neoplasms (Cancer),F,Hispanic,1046
Malignant Neoplasms (Cancer),M,Not Stated/Unknown,99
Malignant Neoplasms (Cancer),F,Not Stated/Unknown,51
Malignant Neoplasms (Cancer),F,Asian and Pacific Islander,461
Malignant Neoplasms (Cancer),F,White Non-Hispanic,3153
Malignant Neoplasms (Cancer),F,Black Non-Hispanic,1784
Malignant Neoplasms (Cancer),F,Not Stated/Unknown,50
Malignant Neoplasms (Cancer),F,Hispanic,1085
Malignant Neoplasms (Cancer),F,Hispanic,1154
Malignant Neoplasms (Cancer),F,White Non-Hispanic,3346
Malignant Neoplasms (Cancer),F,Other Race/ Ethnicity,34
Malignant Neoplasms (Cancer),M,Asian and Pacific Islander,550
Malignant Neoplasms (Cancer),F,Asian and Pacific Islander,395
Malignant Neoplasms (Cancer),F,Not Stated/Unknown,41
Malignant Neoplasms (Cancer),F,Not Stated/Unknown,94
Malignant Neoplasms (Cancer),F,Asian and Pacific Islander,414
Malignant Neoplasms (Cancer),M,Asian and Pacific Islander,657
Malignant Neoplasms (Cancer),M,Black Non-Hispanic,1557
Malignant Neoplasms (Cancer),M,White Non-Hispanic,3142
Malignant Neoplasms (Cancer),F,Hispanic,1097
Malignant Neoplasms (Cancer),M,Other Race/ Ethnicity,25
Malignant Neoplasms (Cancer),F,White Non-Hispanic,3256
Malignant Neoplasms (Cancer),M,White Non-Hispanic,3132
Malignant Neoplasms (Cancer),M,Black Non-Hispanic,1523
Malignant Neoplasms (Cancer),M,Other Race/ Ethnicity,36
Malignant Neoplasms (Cancer),M,Not Stated/Unknown,27
Malignant Neoplasms (Cancer),F,Asian and Pacific Islander,467
Malignant Neoplasms (Cancer),M,Other Race/ Ethnicity,29
Malignant Neoplasms (Cancer),M,Not Stated/Unknown,53
Malignant Neoplasms (Cancer),M,Not Stated/Unknown,46
Malignant Neoplasms (Cancer),F,Other Race/ Ethnicity,29
Malignant Neoplasms (Cancer),F,White Non-Hispanic,3438
Malignant Neoplasms (Cancer),M,Other Race/ Ethnicity,12
Malignant Neoplasms (Cancer),M,Asian and Pacific Islander,526
Malignant Neoplasms (Cancer),F,White Non-Hispanic,3187
Malignant Neoplasms (Cancer),F,Other Race/ Ethnicity,21
Malignant Neoplasms (Cancer),M,Black Non-Hispanic,1540
Malignant Neoplasms (Cancer),M,Black Non-Hispanic,1532
Malignant Neoplasms (Cancer),F,Other Race/ Ethnicity,22
Malignant Neoplasms (Cancer),M,Black Non-Hispanic,1592
Malignant Neoplasms (Cancer),M,Hispanic,1126
Malignant Neoplasms (Cancer),F,White Non-Hispanic,3366
Malignant Neoplasms (Cancer),F,Not Stated/Unknown,11
Malignant Neoplasms (Cancer),F,Hispanic,1149
Malignant Neoplasms (Cancer),M,Other Race/ Ethnicity,33
Malignant Neoplasms (Cancer),M,Asian and Pacific Islander,528
Malignant Neoplasms (Cancer),F,Other Race/ Ethnicity,66
Malignant Neoplasms (Cancer),F,Asian and Pacific Islander,502
Malignant Neoplasms (Cancer),M,Asian and Pacific Islander,506
Malignant Neoplasms (Cancer),M,White Non-Hispanic,3236
Malignant Neoplasms (Cancer),M,Hispanic,1146
Malignant Neoplasms (Cancer),F,Not Stated/Unknown,29
Malignant Neoplasms (Cancer),M,Hispanic,1144
Malignant Neoplasms (Cancer),F,Black Non-Hispanic,1800
Malignant Neoplasms (Cancer),F,Black Non-Hispanic,1912
Malignant Neoplasms (Cancer),F,Hispanic,1125
Malignant Neoplasms (Cancer),M,Black Non-Hispanic,1563
Malignant Neoplasms (Cancer),F,Asian and Pacific Islander,398
Malignant Neoplasms (Cancer),M,Not Stated/Unknown,60
Malignant Neoplasms (Cancer),M,White Non-Hispanic,3222
Malignant Neoplasms (Cancer),M,Black Non-Hispanic,1464
Malignant Neoplasms (Cancer),M,Other Race/ Ethnicity,50
Malignant Neoplasms (Cancer),F,Other Race/ Ethnicity,33
Malignant Neoplasms (Cancer),M,Black Non-Hispanic,1590
Malignant Neoplasms (Cancer),M,Other Race/ Ethnicity,34
Malignant Neoplasms (Cancer),M,White Non-Hispanic,3408
Malignant Neoplasms (Cancer),M,Asian and Pacific Islander,633
Malignant Neoplasms (Cancer),M,Hispanic,1146
Malignant Neoplasms (Cancer),F,Asian and Pacific Islander,451
Malignant Neoplasms (Cancer),F,Other Race/ Ethnicity,43
Malignant Neoplasms (Cancer),F,Black Non-Hispanic,1756
Malignant Neoplasms (Cancer),F,Black Non-Hispanic,1735
Malignant Neoplasms (Cancer),M,White Non-Hispanic,3184
Malignant Neoplasms (Cancer),F,White Non-Hispanic,3371
Malignant Neoplasms (Cancer),F,Not Stated/Unknown,36
Malignant Neoplasms (Cancer),M,Hispanic,1180
Malignant Neoplasms (Cancer),M,White Non-Hispanic,3356
Malignant Neoplasms (Cancer),M,Not Stated/Unknown,73
Malignant Neoplasms (Cancer),M,Hispanic,1013
Malignant Neoplasms (Cancer),F,Black Non-Hispanic,1768
Malignant Neoplasms (Cancer),F,Hispanic,969
Malignant Neoplasms (Cancer),M,Hispanic,1057
Mental and Behavioral Disorders due to Accidental Poisoning and Other Psychoactive Substance Use,M,Not Stated/Unknown,21
Mental and Behavioral Disorders due to Accidental Poisoning and Other Psychoactive Substance Use,F,Hispanic,63
Mental and Behavioral Disorders due to Accidental Poisoning and Other Psychoactive Substance Use,M,Hispanic,188
Mental and Behavioral Disorders due to Accidental Poisoning and Other Psychoactive Substance Use,M,Hispanic,138
Mental and Behavioral Disorders due to Accidental Poisoning and Other Psychoactive Substance Use,M,Not Stated/Unknown,13
Mental and Behavioral Disorders due to Accidental Poisoning and Other Psychoactive Substance Use,F,Not Stated/Unknown,
Mental and Behavioral Disorders due to Accidental Poisoning and Other Psychoactive Substance Use,F,White Non-Hispanic,75
Mental and Behavioral Disorders due to Accidental Poisoning and Other Psychoactive Substance Use,M,Not Stated/Unknown,5
Mental and Behavioral Disorders due to Accidental Poisoning and Other Psychoactive Substance Use,M,Black Non-Hispanic,163
Mental and Behavioral Disorders due to Accidental Poisoning and Other Psychoactive Substance Use,M,White Non-Hispanic,261
Mental and Behavioral Disorders due to Accidental Poisoning and Other Psychoactive Substance Use,M,White Non-Hispanic,254
Mental and Behavioral Disorders due to Accidental Poisoning and Other Psychoactive Substance Use,F,Black Non-Hispanic,87
Mental and Behavioral Disorders due to Accidental Poisoning and Other Psychoactive Substance Use,M,Black Non-Hispanic,135
Mental and Behavioral Disorders due to Accidental Poisoning and Other Psychoactive Substance Use,F,Hispanic,56
Mental and Behavioral Disorders due to Accidental Poisoning and Other Psychoactive Substance Use,M,Other Race/ Ethnicity,12
Mental and Behavioral Disorders due to Accidental Poisoning and Other Psychoactive Substance Use,M,Not Stated/Unknown,7
Mental and Behavioral Disorders due to Accidental Poisoning and Other Psychoactive Substance Use,M,White Non-Hispanic,211
Mental and Behavioral Disorders due to Accidental Poisoning and Other Psychoactive Substance Use,M,White Non-Hispanic,286
Mental and Behavioral Disorders due to Accidental Poisoning and Other Psychoactive Substance Use,F,White Non-Hispanic,88
Mental and Behavioral Disorders due to Accidental Poisoning and Other Psychoactive Substance Use,M,White Non-Hispanic,221
Mental and Behavioral Disorders due to Accidental Poisoning and Other Psychoactive Substance Use,M,Not Stated/Unknown,10
Mental and Behavioral Disorders due to Accidental Poisoning and Other Psychoactive Substance Use,M,Hispanic,172
Mental and Behavioral Disorders due to Accidental Poisoning and Other Psychoactive Substance Use,F,Not Stated/Unknown,6
Mental and Behavioral Disorders due to Accidental Poisoning and Other Psychoactive Substance Use,F,Hispanic,57
Mental and Behavioral Disorders due to Accidental Poisoning and Other Psychoactive Substance Use,M,Not Stated/Unknown,7
Mental and Behavioral Disorders due to Accidental Poisoning and Other Psychoactive Substance Use,M,Hispanic,145
Mental and Behavioral Disorders due to Accidental Poisoning and Other Psychoactive Substance Use,F,Not Stated/Unknown,6
Mental and Behavioral Disorders due to Accidental Poisoning and Other Psychoactive Substance Use,M,Not Stated/Unknown,6
Mental and Behavioral Disorders due to Accidental Poisoning and Other Psychoactive Substance Use,M,White Non-Hispanic,272
Mental and Behavioral Disorders due to Accidental Poisoning and Other Psychoactive Substance Use,F,White Non-Hispanic,86
Mental and Behavioral Disorders due to Accidental Poisoning and Other Psychoactive Substance Use,M,White Non-Hispanic,314
Mental and Behavioral Disorders due to Accidental Poisoning and Other Psychoactive Substance Use,M,Other Race/ Ethnicity,
Mental and Behavioral Disorders due to Accidental Poisoning and Other Psychoactive Substance Use,M,Hispanic,183
Mental and Behavioral Disorders due to Accidental Poisoning and Other Psychoactive Substance Use,M,Hispanic,145
Mental and Behavioral Disorders due to Accidental Poisoning and Other Psychoactive Substance Use,F,Other Race/ Ethnicity,
Mental and Behavioral Disorders due to Accidental Poisoning and Other Psychoactive Substance Use,M,White Non-Hispanic,227
Mental and Behavioral Disorders due to Accidental Poisoning and Other Psychoactive Substance Use,M,Hispanic,191
Mental and Behavioral Disorders due to Accidental Poisoning and Other Psychoactive Substance Use,F,Other Race/ Ethnicity,
Mental and Behavioral Disorders due to Accidental Poisoning and Other Psychoactive Substance Use,M,Hispanic,173
Mental and Behavioral Disorders due to Use of Alcohol,M,Other Race/ Ethnicity,
Mental and Behavioral Disorders due to Use of Alcohol,M,Not Stated/Unknown,
"Nephritis, Nephrotic Syndrome and Nephrisis",F,Not Stated/Unknown,
"Nephritis, Nephrotic Syndrome and Nephrisis",M,Asian and Pacific Islander,14
"Nephritis, Nephrotic Syndrome and Nephrisis",F,Other Race/ Ethnicity,
"Nephritis, Nephrotic Syndrome and Nephrisis",M,Asian and Pacific Islander,28
"Nephritis, Nephrotic Syndrome and Nephrisis",F,Black Non-Hispanic,71
"Nephritis, Nephrotic Syndrome and Nephrisis",F,Asian and Pacific Islander,13
"Nephritis, Nephrotic Syndrome and Nephrisis",F,Black Non-Hispanic,76
"Nephritis, Nephrotic Syndrome and Nephrisis",F,Asian and Pacific Islander,13
"Nephritis, Nephrotic Syndrome and Nephrisis",F,Black Non-Hispanic,90
"Nephritis, Nephrotic Syndrome and Nephrisis",M,Other Race/ Ethnicity,
"Nephritis, Nephrotic Syndrome and Nephrisis",F,Black Non-Hispanic,75
"Nephritis, Nephrotic Syndrome and Nephrisis",F,White Non-Hispanic,89
"Nephritis, Nephrotic Syndrome and Nephrisis",F,Other Race/ Ethnicity,
"Nephritis, Nephrotic Syndrome and Nephrisis",F,Asian and Pacific Islander,22
"Nephritis, Nephrotic Syndrome and Nephrisis",F,Black Non-Hispanic,83
"Nephritis, Nephrotic Syndrome and Nephrisis",F,Black Non-Hispanic,86
"Nephritis, Nephrotic Syndrome and Nephrisis",F,Black Non-Hispanic,93
Parkinson's Disease,F,Not Stated/Unknown,
Septicemia,F,White Non-Hispanic,107
Septicemia,F,Asian and Pacific Islander,16
Septicemia,F,White Non-Hispanic,135
Septicemia,M,Other Race/ Ethnicity,6
Septicemia,F,Not Stated/Unknown,
Septicemia,F,Not Stated/Unknown,
Septicemia,F,Other Race/ Ethnicity,
Septicemia,F,White Non-Hispanic,113
Septicemia,F,Not Stated/Unknown,
Septicemia,F,Hispanic,49
Septicemia,M,Not Stated/Unknown,8
Septicemia,F,Black Non-Hispanic,89
Septicemia,F,White Non-Hispanic,118
Tuberculosis,F,Not Stated/Unknown,
Viral Hepatitis,M,Not Stated/Unknown,
Viral Hepatitis,F,Asian and Pacific Islander,15
Viral Hepatitis,M,Not Stated/Unknown,6
Viral Hepatitis,F,Not Stated/Unknown,
Viral Hepatitis,M,Not Stated/Unknown,